"","X","res_1.rownames","log_mean_counts","baseMean","log2FoldChange","lfcSE","stat","pvalue","padj","logpadj","significant","change","SYMBOL","annotation","seqnames","start","end","width"
"117",117,"peak268",2.23932508789038,173.510230964587,-0.96343107604523,0.387613852735296,-2.48554345838399,0.0129353792273698,0.10951800967913,0.960514457434562,"Not Sig","Unchanged","Vwa3b","Promoter (<=1kb)","chr1",37028743,37029739,997
"147",147,"peak328",2.6452278442444,441.802169571991,-2.22937604186382,0.338440858365027,-6.58719533047431,4.48212458247356e-11,4.11715158075786e-09,8.38540314333167,"Sig","Down","Pou3f3","Promoter (<=1kb)","chr1",42696353,42697058,706
"148",148,"peak329",3.03695884208358,1088.82690074866,-1.44822973192027,0.318730115891206,-4.54374927160822,5.52623852880887e-06,0.00016899066945873,3.77213727357835,"Sig","Down","Pou3f3","Promoter (1-2kb)","chr1",42697232,42698940,1709
"456",456,"peak932",2.88359751016089,764.887405844202,-1.83184560623619,0.278195497833901,-6.58474209862988,4.5567566009579e-11,4.15363204189231e-09,8.38157197897418,"Sig","Down","Bok","Promoter (<=1kb)","chr1",93685423,93686989,1567
"491",491,"peak1048",2.92226045614114,836.104298401613,-2.44125320258106,0.267579528076209,-9.12346777846833,7.27581396835141e-20,2.58356552419475e-17,16.5877805194346,"Sig","Down","Gli2","Promoter (<=1kb)","chr1",119051686,119054253,2568
"533",533,"peak1149",2.95369489941353,898.865888347604,-2.13785724106824,0.266661682888383,-8.01711448720995,1.0825820850976e-15,2.14630919887975e-13,12.668307713081,"Sig","Down","Cxcr4","Promoter (<=1kb)","chr1",128590618,128592540,1923
"534",534,"peak1150",1.64223312686871,43.8766161813118,0.454961964651883,0.665448949280681,0.683691761995681,0.494169826541051,0.915454527529114,0.0383632231084874,"Not Sig","Unchanged","Cxcr4","Promoter (<=1kb)","chr1",128593070,128593403,334
"599",599,"peak1253",2.09736488566486,125.130991461985,2.49614266455809,0.458456657914928,5.44466444420418,5.19031351824724e-08,2.64417021226167e-06,5.57771059159689,"Sig","Up","Nav1","Promoter (<=1kb)","chr1",135510055,135510891,837
"600",600,"peak1254",2.93676456994005,864.499148687223,-0.920285486059308,0.293412482629692,-3.13649057399093,0.0017098293300193,0.0224124240167984,1.64951116978408,"Not Sig","Unchanged","Nav1","Promoter (<=1kb)","chr1",135583317,135585693,2377
"601",601,"peak1256",3.06568823266378,1163.29063718989,-1.51596590580379,0.2637582922107,-5.7475573302271,9.05419049997226e-09,5.42590040767859e-07,6.26552818197003,"Sig","Down","Nav1","Promoter (<=1kb)","chr1",135686332,135688629,2298
"627",627,"peak1296",2.71409576054824,517.720975189946,-1.25212628827232,0.291258547385309,-4.29901988976092,1.71555078108622e-05,0.000450990813622346,3.34583230431662,"Sig","Down","Aspm","Promoter (<=1kb)","chr1",139454632,139455736,1105
"678",678,"peak1414",2.90814804505401,809.371755928901,-0.699841814947692,0.27219321996794,-2.57112140791061,0.0101369782888902,0.0911446902762612,1.04026862652505,"Not Sig","Unchanged","Qsox1","Promoter (<=1kb)","chr1",155812108,155813401,1294
"868",868,"peak1754",2.50797953407147,322.091700346855,-0.557819348054158,0.324746119512642,-1.71770904881418,0.0858496980290038,0.404846415422801,0.392709701686035,"Not Sig","Unchanged","Disp1","Promoter (<=1kb)","chr1",183220919,183221701,783
"942",942,"peak1901",2.63243009644752,428.973136647004,-0.633458413117771,0.320587975302584,-1.97592692776417,0.04816305387775,0.278431061738653,0.555282316514065,"Not Sig","Unchanged","Plekhg1","Promoter (<=1kb)","chr10",3740143,3741325,1183
"986",986,"peak1990",2.41017168853519,257.14121316915,-0.294830123002655,0.375186751417028,-0.785822318856205,0.431971589127625,0.882224746925515,0.0544207641698792,"Not Sig","Unchanged","Phactr2","Promoter (<=1kb)","chr10",13323679,13324629,951
"987",987,"peak1991",2.69085891094785,490.748421035098,-0.277515512431086,0.289789656218462,-0.957644644920927,0.338241978605133,0.820213526958998,0.0860730726061948,"Not Sig","Unchanged","Phactr2","Promoter (<=1kb)","chr10",13473640,13474799,1160
"1066",1066,"peak2151",2.90461769635257,802.819100080292,-0.00044124634859264,0.277667884116328,-0.00158911553634263,0.998732069781868,0.999602265653022,0.000172768192355926,"Not Sig","Unchanged","Trmt11","Promoter (<=1kb)","chr10",30599961,30601093,1133
"1132",1132,"peak2276",3.10897298378091,1285.20670841892,-2.66083466754256,0.275213416209664,-9.66825928833163,4.11314371455851e-22,1.99705718598085e-19,18.6996094988747,"Sig","Down","Cd24a","Promoter (<=1kb)","chr10",43578376,43580463,2088
"1133",1133,"peak2277",2.08607964844549,121.921317885576,-2.41028670548457,0.488299784329785,-4.93607980759772,7.97085005288707e-07,2.98636997808246e-05,4.52485638901353,"Sig","Down","Cd24a","Promoter (<=1kb)","chr10",43580618,43581042,425
"1533",1533,"peak2915",2.84428671329238,698.693516561968,-1.4730350582834,0.273246257947783,-5.39087001354251,7.01173815059577e-08,3.47533879876716e-06,5.45900285114212,"Sig","Down","Timp3","Promoter (<=1kb)","chr10",86300246,86302144,1899
"1670",1670,"peak3203",3.01986324271876,1046.79886412723,-0.596392891609797,0.312234153174546,-1.91008217885889,0.0561226331839311,0.307369605450945,0.512339080354718,"Not Sig","Unchanged","Grip1","Promoter (<=1kb)","chr10",119453396,119454949,1554
"1671",1671,"peak3205",2.16933242862028,147.683653816029,-0.418510096774911,0.433901554857518,-0.96452776462702,0.33478139535237,0.816871227303639,0.0878464008473713,"Not Sig","Unchanged","Grip1","Promoter (<=1kb)","chr10",119691601,119692917,1317
"1672",1672,"peak3207",1.67144245024394,46.9291242907481,0.0946657668235999,0.665775359305847,0.142188751056063,0.886930916868284,0.992949428610957,0.00307286976693903,"Not Sig","Unchanged","Grip1","Promoter (<=1kb)","chr10",119819153,119819886,734
"1685",1685,"peak3243",1.55368931391249,35.7840353270018,1.90568259186603,0.75983328531383,2.5080272590045,0.0121407300911982,0.104538584726636,0.980723383801812,"Not Sig","Unchanged","Rassf3","Promoter (<=1kb)","chr10",121461338,121462202,865
"1686",1686,"peak3244",3.03503582401626,1084.01632850512,-1.85247867948208,0.27317947207235,-6.7811781955251,1.19199741470559e-11,1.23837600407252e-09,8.90714747187425,"Sig","Down","Rassf3","Promoter (<=1kb)","chr10",121474594,121476764,2171
"1703",1703,"peak3278",3.04933903087965,1120.31211098316,-0.721145281602844,0.284723173666447,-2.53279447653131,0.011315727806858,0.0991209426557282,1.00383457640364,"Not Sig","Unchanged","Lrig3","Promoter (<=1kb)","chr10",125965930,125967447,1518
"1704",1704,"peak3279",1.5894008163101,38.8508760624023,-3.51004444715551,0.799088818777646,-4.39255858006469,1.1202443187566e-05,0.000313919111749566,3.5031822431572,"Sig","Down","Lrig3","Promoter (2-3kb)","chr10",125968368,125968587,220
"1816",1816,"peak3435",1.82585097389604,66.9654781105521,-1.46313997277042,0.561603962894668,-2.6052878352727,0.00917971066247883,0.0841921728492805,1.07472828197272,"Not Sig","Unchanged","Tcn2","Promoter (<=1kb)","chr11",3931430,3932167,738
"1895",1895,"peak3572",3.00713810535286,1016.57191065963,-1.31468638572208,0.261343584349758,-5.03049037531615,4.8922694736815e-07,1.94961445642138e-05,4.71005126351108,"Sig","Down","Egfr","Promoter (<=1kb)","chr11",16751979,16753533,1555
"2169",2169,"peak4040",1.66690218092898,46.4410661100831,-1.41996558468269,0.676039164612766,-2.10041911624461,0.0356919888675965,0.227080340926664,0.643820462418891,"Not Sig","Unchanged","Obscn","Promoter (<=1kb)","chr11",59135436,59136175,740
"2371",2371,"peak4315",2.77590632631312,596.906524953609,-1.40959678420944,0.317601987199632,-4.43824925857098,9.06935557816931e-06,0.000259962697060513,3.585088965964,"Sig","Down","Spns2","Promoter (<=1kb)","chr11",72488609,72490103,1495
"2426",2426,"peak4380",1.87651795422017,75.251983954331,0.41813040524929,0.530221534346528,0.788595668345715,0.430348363468141,0.881463300582868,0.0547957646875619,"Not Sig","Unchanged","Abr","Promoter (<=1kb)","chr11",76436590,76437454,865
"2427",2427,"peak4381",2.65944287100593,456.502195958591,0.338138804914188,0.291626229590286,1.15949379926918,0.246254962585819,0.722576691524325,0.141116051771086,"Not Sig","Unchanged","Abr","Promoter (<=1kb)","chr11",76494067,76495208,1142
"2428",2428,"peak4383",2.7031928789406,504.88547760425,-0.445749973922082,0.305772067689031,-1.4577851315556,0.144899777817728,0.552587519410007,0.257598928164666,"Not Sig","Unchanged","Abr","Promoter (<=1kb)","chr11",76570541,76571833,1293
"2429",2429,"peak4385",2.0477438191216,111.620462868985,0.475466351960743,0.468721832753146,1.01438917229006,0.3103970888727,0.795760467820085,0.0992176397486186,"Not Sig","Unchanged","Abr","Promoter (<=1kb)","chr11",76612531,76613331,801
"2430",2430,"peak4386",2.93511161215362,861.215052984724,-0.400596658907552,0.27879212767417,-1.43690089906605,0.15074615443898,0.564254524898957,0.248524949519552,"Not Sig","Unchanged","Abr","Promoter (<=1kb)","chr11",76621878,76623892,2015
"2461",2461,"peak4426",2.74081365007581,550.571402925905,-1.52166901498672,0.293670554175214,-5.18155120883806,2.20048156887618e-07,9.43273099191588e-06,5.02536255084617,"Sig","Down","Rab34","Promoter (<=1kb)","chr11",78188348,78189608,1261
"2462",2462,"peak4427",1.44473822800629,27.8444233372546,-0.334003888308301,0.816380330053645,-0.409127799889978,0.682445875889204,0.970004038105472,0.0132264577716175,"Not Sig","Unchanged","Proca1","Promoter (<=1kb)","chr11",78194638,78195070,433
"2463",2463,"peak4428",0.917641842116541,8.27259650383778,-1.25327479444517,1.49152444712483,-0.84026433281806,0.400760194836353,NA,NA,NA,NA,"Proca1","Promoter (<=1kb)","chr11",78195247,78195435,189
"2871",2871,"peak5021",2.9390082230084,868.976882492266,-0.352963142554829,0.266175215719589,-1.32605562693211,0.18482127251379,0.627509121257379,0.202379957045399,"Not Sig","Unchanged","Snord104","Promoter (<=1kb)","chr11",106500731,106501685,955
"2914",2914,"peak5090",2.87353893730217,747.375638235246,-1.04783537278161,0.277400170597492,-3.77734220755768,0.000158510867627309,0.00312957016740358,2.50451530678058,"Sig","Down","Cdc42ep4","Promoter (<=1kb)","chr11",113750527,113752063,1537
"2970",2970,"peak5174",1.20790949545885,16.1402216858379,1.01608186938638,1.32201604778425,0.768585125036398,0.442139638740725,0.889216208812722,0.0509926294933291,"Not Sig","Unchanged","Rnf157","Promoter (2-3kb)","chr11",116389532,116389932,401
"2971",2971,"peak5177",2.56256943079233,365.232512421723,-0.2667750006583,0.375371634458577,-0.710695684406434,0.477272834530801,0.908759748761458,0.0415509171941467,"Not Sig","Unchanged","Rnf157","Promoter (<=1kb)","chr11",116412106,116413544,1439
"2999",2999,"peak5215",2.33167386351971,214.621815127426,-4.72365246526326,0.471357008947193,-10.02139010474,1.22763958190055e-23,6.95399364118951e-21,20.1577657107764,"Sig","Down","Tk1","Promoter (<=1kb)","chr11",117824253,117826007,1755
"3132",3132,"peak5442",2.23662014792813,172.432906210993,-4.13867658668635,0.447061645150674,-9.25750762021082,2.09259690382192e-20,8.02983434497215e-18,17.0952934140995,"Sig","Down","Mycn","Promoter (2-3kb)","chr12",12937805,12938124,320
"3133",3133,"peak5443",3.48127891023525,3028.85798028936,-2.37238688332564,0.243524777059923,-9.74187067109756,1.99841151277114e-22,9.90504339590378e-20,19.0041436173935,"Sig","Down","Mycn","Promoter (<=1kb)","chr12",12938470,12942617,4148
"3137",3137,"peak5459",3.18186539223783,1520.07631540079,-1.97031619065249,0.24508225730776,-8.03940771680703,9.0273742047766e-16,1.83564324534906e-13,12.7362117194481,"Sig","Down","Trib2","Promoter (<=1kb)","chr12",15814339,15817307,2969
"3173",3173,"peak5708",2.98135686482706,957.980932038392,-0.855317338500603,0.258986004203882,-3.30256200959519,0.000958059025433023,0.0138560378565818,1.85836093877346,"Not Sig","Unchanged","Sox11","Promoter (2-3kb)","chr12",27338744,27339785,1042
"3174",3174,"peak5709",3.28389464046238,1922.62524478812,-1.61855743635002,0.263284351883566,-6.14756412513951,7.86818943780042e-10,5.96153168518184e-08,7.2246421434543,"Sig","Down","Sox11","Promoter (<=1kb)","chr12",27340959,27343479,2521
"3184",3184,"peak5730",2.28444240195083,192.505171929949,-1.70770208948056,0.397438133041121,-4.2967746361265,1.73301223526332e-05,0.000454576561071109,3.34239296117574,"Sig","Down","Sntg2","Promoter (<=1kb)","chr12",30372737,30373554,818
"3262",3262,"peak5910",3.08740780985819,1222.94748952572,-0.448613233412547,0.298817007456862,-1.50129752396141,0.133278625129796,0.527944017726102,0.277412126863225,"Not Sig","Unchanged","Baz1a","Promoter (<=1kb)","chr12",54984796,54986508,1713
"3298",3298,"peak5983",3.17776343838868,1505.7866359025,-0.612221430790533,0.251863610605186,-2.4307657200636,0.0150669534742712,0.122801606751074,0.910795950796152,"Not Sig","Unchanged","Mdga2","Promoter (<=1kb)","chr12",67220599,67222886,2288
"3678",3678,"peak6660",2.42169448392589,264.055053785999,0.239078878806325,0.341751142222241,0.699570094343244,0.484195824303818,0.910941964313298,0.0405092908440787,"Not Sig","Unchanged","Akr1e1","Promoter (<=1kb)","chr13",4608592,4609332,741
"3683",3683,"peak6675",2.52676721202769,336.331242757613,-1.08084331640915,0.320691733212376,-3.37034979225164,0.000750728218034001,0.0113834130243766,1.94372750635723,"Sig","Down","Adarb2","Promoter (<=1kb)","chr13",8202732,8204328,1597
"3739",3739,"peak6838",1.77901571602201,60.1195492838316,-1.37692019194812,0.6026234372235,-2.28487660269583,0.0223200643233142,0.162516245317943,0.789103219920171,"Not Sig","Unchanged","H2ac13","Promoter (<=1kb)","chr13",21716755,21716955,201
"3740",3740,"peak6839",2.85372287857068,714.040554490512,-0.903296200357109,0.28549139221951,-3.1640050277333,0.00155614107239438,0.0206347352995579,1.68540109783957,"Not Sig","Unchanged","H3c10","Promoter (<=1kb)","chr13",21717577,21718144,568
"3741",3741,"peak6840",2.40088612976466,251.701688970811,-0.837213471413414,0.348135598448786,-2.40484878634604,0.0161791588480755,0.129229542400822,0.888638193500062,"Not Sig","Unchanged","H2bc14","Promoter (<=1kb)","chr13",21721560,21721875,316
"3742",3742,"peak6841",2.16936646782948,147.695229445026,-0.167487839928526,0.430024350763689,-0.389484548098453,0.696917738900327,0.972819652924114,0.0119676643560016,"Not Sig","Unchanged","H2bc14","Promoter (<=1kb)","chr13",21722009,21722543,535
"3745",3745,"peak6844",2.13761702945918,137.283084829278,-0.498781389142926,0.421499749620433,-1.18334919437576,0.236670783635596,0.708701650531715,0.149536555786556,"Not Sig","Unchanged","H2ac15","Promoter (<=1kb)","chr13",21753591,21753905,315
"3746",3746,"peak6845",2.49495662149553,312.576714147663,-0.941888431159933,0.332393172933222,-2.83365757138808,0.00460186142575184,0.0493175548079573,1.30699846410665,"Not Sig","Unchanged","H2bc15","Promoter (<=1kb)","chr13",21754007,21754661,655
"3748",3748,"peak6848",2.81478001371064,652.799801534342,-0.81710268750435,0.285764616927315,-2.85935570432144,0.00424502493385056,0.0461789612259893,1.33555584055905,"Not Sig","Unchanged","H3c11","Promoter (<=1kb)","chr13",21782905,21783449,545
"3749",3749,"peak6849",2.48668782070167,306.681670854484,-0.763699018237492,0.330342613383689,-2.31183924597237,0.020786543766166,0.154444929025876,0.811226346554722,"Not Sig","Unchanged","H2ac22","Promoter (<=1kb)","chr13",21786951,21787298,348
"3751",3751,"peak6851",2.65776945100753,454.746589891051,-1.01471682956632,0.308310586651869,-3.29121630426558,0.000997551774672939,0.0143140858089529,1.84423638363996,"Sig","Down","H2bc23","Promoter (<=1kb)","chr13",21809366,21810332,967
"3756",3756,"peak6857",2.65909544956275,456.137155097209,-1.02127348856524,0.307655681597317,-3.31953397792913,0.000901678311358213,0.0132011253572451,1.87938904488434,"Sig","Down","H2bc23","Promoter (<=1kb)","chr13",21833607,21834582,976
"3761",3761,"peak6879",1.51761231392667,32.9315607412775,-1.9676557863675,0.79654102353556,-2.47025040547665,0.0135018503352048,0.113192196445666,0.946183512700796,"Not Sig","Unchanged","H2ac12","Promoter (<=1kb)","chr13",22035022,22035210,189
"3762",3762,"peak6880",2.50157795358885,317.378829111657,-0.860622237461795,0.321743424354236,-2.67487125553267,0.00747579526512729,0.0715720906046854,1.14525629695654,"Not Sig","Unchanged","H2ac12","Promoter (<=1kb)","chr13",22035268,22035718,451
"3765",3765,"peak6883",2.4119234386713,258.180500675767,-0.506785056497193,0.349111314313475,-1.45164317430898,0.14660084741759,0.556264874148625,0.254718363113385,"Not Sig","Unchanged","H2ac11","Promoter (<=1kb)","chr13",22042651,22043050,400
"3775",3775,"peak6925",2.51097653513698,324.322093803886,-0.817979782470458,0.325627236746331,-2.51201278690233,0.012004473889282,0.103563298230385,0.984794126830764,"Not Sig","Unchanged","H2ac10","Promoter (<=1kb)","chr13",23533835,23534173,339
"3776",3776,"peak6926",2.75245461205615,565.528650825887,-1.10816126191643,0.29741834053371,-3.72593452013707,0.000194592919201417,0.00370364811257672,2.43137028279622,"Sig","Down","H3c8","Promoter (<=1kb)","chr13",23535381,23535951,571
"3777",3777,"peak6927",2.30392910026643,201.339553083557,-1.20104951460611,0.385598397085634,-3.11476791315443,0.00184089693357107,0.023725232365433,1.6247895253904,"Sig","Down","H2bc9","Promoter (<=1kb)","chr13",23542874,23543419,546
"3781",3781,"peak6931",2.84594214386138,701.361857693565,-0.666318693481361,0.281590503971453,-2.36626833676504,0.0179684156964131,0.139701496023975,0.854798943123625,"Not Sig","Unchanged","H3c6","Promoter (<=1kb)","chr13",23561610,23562566,957
"3782",3782,"peak6932",2.22924541581537,169.529552572254,-0.736158754669038,0.395907396027714,-1.85942157700309,0.0629674057356791,0.331260862631803,0.479829871534528,"Not Sig","Unchanged","H2ac8","Promoter (<=1kb)","chr13",23570834,23571164,331
"3784",3784,"peak6934",2.03153840745203,107.532169379573,-1.42618458451298,0.485257120886528,-2.93902865744133,0.00329242630066551,0.0378691365006633,1.42171459763261,"Sig","Down","H2bc7","Promoter (<=1kb)","chr13",23573719,23573998,280
"3785",3785,"peak6935",2.4860544745989,306.234752719933,-0.829954797427428,0.329440439735946,-2.51928633319169,0.0117592986326535,0.101992516868195,0.991431691003459,"Not Sig","Unchanged","H2ac7","Promoter (<=1kb)","chr13",23574406,23574734,329
"3786",3786,"peak6936",2.82682798102699,671.162960459539,-0.837038096485143,0.282054597925202,-2.96764563542806,0.00300090081646536,0.0351303562383759,1.45431744623483,"Not Sig","Unchanged","H3c4","Promoter (<=1kb)","chr13",23575711,23576298,588
"3789",3789,"peak6942",2.6954495982214,495.963365332989,-0.779469407436295,0.293590220647403,-2.65495698636511,0.00793185218711258,0.0750490615642281,1.12465473393404,"Not Sig","Unchanged","H2ac6","Promoter (<=1kb)","chr13",23683437,23684873,1437
"3793",3793,"peak6946",2.69193473951701,491.965603530338,-0.903000585893072,0.299325945201733,-3.01678020354864,0.0025547498067216,0.0309242287554201,1.50970112278832,"Not Sig","Unchanged","H3c3","Promoter (<=1kb)","chr13",23745023,23745586,564
"3795",3795,"peak6948",2.21358298372754,163.524557925322,-1.1053928148403,0.401899230420872,-2.75042282037395,0.00595184105234211,0.0603581630333637,1.21926398620283,"Not Sig","Unchanged","H2ac4","Promoter (<=1kb)","chr13",23751104,23751409,306
"3796",3796,"peak6949",2.86671149487739,735.718191938511,-0.833140420692856,0.280022186296636,-2.9752657520154,0.00292734826997029,0.0344093590369877,1.46332341715797,"Not Sig","Unchanged","H3c2","Promoter (<=1kb)","chr13",23752290,23752848,559
"3799",3799,"peak6952",2.74073409967872,550.470563139738,-0.816411702351754,0.294629933923824,-2.77097337490099,0.00558889965925927,0.0575608276162066,1.23987297035448,"Not Sig","Unchanged","H3c1","Promoter (<=1kb)","chr13",23761886,23762443,558
"3886",3886,"peak7122",2.67185650211306,469.738873676094,-0.831437970905755,0.344193279397874,-2.41561361209684,0.0157087209899476,0.126515294878755,0.897856967927593,"Not Sig","Unchanged","Elovl2","Promoter (<=1kb)","chr13",41219723,41220962,1240
"4036",4036,"peak7367",3.12330382985585,1328.32341996697,-1.43370095129765,0.278918613682798,-5.14021252424601,2.74427892559457e-07,1.15555999856319e-05,4.93720750032036,"Sig","Down","Gas1","Promoter (<=1kb)","chr13",60175279,60177755,2477
"4044",4044,"peak7412",1.20204745239521,15.9238270634106,-1.63062423738105,1.2364114637881,-1.31883623303295,0.187223868122672,0.631986811365847,0.199291984709389,"Not Sig","Unchanged","6720489N17Rik","Promoter (2-3kb)","chr13",62605227,62605420,194
"4045",4045,"peak7413",1.3488217731235,22.3265579182487,-0.666778188206802,1.00727741621665,-0.661960823773087,0.507996329268429,0.919926593732635,0.0362468261422297,"Not Sig","Unchanged","6720489N17Rik","Promoter (1-2kb)","chr13",62605553,62605765,213
"4046",4046,"peak7415",2.52215651636891,332.779462827455,-0.230145811935921,0.327472778300424,-0.702793719619605,0.482184311691727,0.910394653532827,0.0407703014191368,"Not Sig","Unchanged","6720489N17Rik","Promoter (<=1kb)","chr13",62623742,62624559,818
"4161",4161,"peak7743",2.20224832496613,159.311939539894,-0.338787991588399,0.398537278904975,-0.850078548534422,0.395281417092465,0.858992802529993,0.0660104750914621,"Not Sig","Unchanged","9330111N05Rik","Promoter (<=1kb)","chr13",80962642,80963421,780
"4182",4182,"peak7790",1.94358633927229,87.8185656144298,-0.943976323524482,0.504776807880587,-1.8700865586277,0.0614717987273816,0.326236159407835,0.486467904236982,"Not Sig","Unchanged","Hapln1","Promoter (<=1kb)","chr13",89539080,89539827,748
"4228",4228,"peak7878",2.81199960101244,648.633837646243,-1.02144236140281,0.28189133175929,-3.62353235563495,0.000290606831159861,0.00520654726849435,2.28345018444124,"Sig","Down","Enc1","Promoter (<=1kb)","chr13",97240660,97242224,1565
"4265",4265,"peak7961",3.02483286476644,1058.84615712276,-1.33968540719332,0.30839443774034,-4.34406475359746,1.39870257208896e-05,0.000379869096947127,3.42036603566674,"Sig","Down","Erbin","Promoter (<=1kb)","chr13",103919339,103921288,1950
"4266",4266,"peak7962",2.26008683896836,182.006475166274,-1.22399341956761,0.410079040689479,-2.98477439254068,0.00283787546602155,0.0334568360813274,1.47551513143668,"Sig","Down","Erbin","Promoter (<=1kb)","chr13",103921339,103921861,523
"4287",4287,"peak8003",3.10215259160569,1265.18079718382,-0.729316035179373,0.313184209589965,-2.32871266445466,0.0198742927518071,0.149914743238734,0.824155654727617,"Not Sig","Unchanged","Zswim6","Promoter (<=1kb)","chr13",107888354,107889984,1631
"4288",4288,"peak8004",2.98533316826848,966.792267609348,0.292682765505952,0.286458390564028,1.02172872272887,0.306909312776153,0.791939203932479,0.101308157312143,"Not Sig","Unchanged","Zswim6","Promoter (<=1kb)","chr13",107890136,107891489,1354
"4473",4473,"peak8535",1.95379261950301,89.9068163857687,0.662749938152984,0.507914722863296,1.30484490470532,0.191945664997583,0.640743554925986,0.19331575357783,"Not Sig","Unchanged","Chdh","Promoter (<=1kb)","chr14",30008610,30009349,740
"4486",4486,"peak8548",2.80364202981127,636.270854116467,-2.46133415925392,0.309049292990158,-7.96421223112879,1.66279658877235e-15,3.13965028916532e-13,12.5031187232465,"Sig","Down","Nt5dc2","Promoter (<=1kb)","chr14",31130717,31132271,1555
"4487",4487,"peak8549",1.43426424246363,27.1809256412117,4.08985824353103,1.00566126242949,4.0668348243331,4.76559959135769e-05,0.00110290252799602,2.95746286781729,"Sig","Up","Nt5dc2","Promoter (<=1kb)","chr14",31138065,31138738,674
"4756",4756,"peak9041",2.05993809811895,114.798998183085,-1.56448294341155,0.456709319412635,-3.4255551111232,0.000613544447765176,0.00966038117589762,2.01500573700863,"Sig","Down","Stc1","Promoter (<=1kb)","chr14",69029128,69030533,1406
"4759",4759,"peak9045",3.02844936102743,1067.70029084669,0.0190939674462288,0.269361832669146,0.0708859427374097,0.943488531300395,0.996775620336407,0.00140259275839149,"Not Sig","Unchanged","Slc25a37","Promoter (<=1kb)","chr14",69284055,69285222,1168
"4791",4791,"peak9083",2.75690230871349,571.350101295693,-1.1790743233789,0.287545033232383,-4.10048579217162,4.1228374910019e-05,0.000974045945863219,3.0114205569158,"Sig","Down","Gfra2","Promoter (<=1kb)","chr14",70889550,70891534,1985
"4879",4879,"peak9324",3.07345840447856,1184.2909334628,-0.605561761101192,0.257923016443321,-2.3478391709732,0.018882672685585,0.144583034464991,0.839882664652187,"Not Sig","Unchanged","Gpc6","Promoter (<=1kb)","chr14",116925218,116927433,2216
"4932",4932,"peak9458",2.99689667693058,992.879804127125,-0.0178708949242524,0.301394623920099,-0.059294006946156,0.952717934482357,0.996775620336407,0.00140259275839149,"Not Sig","Unchanged","Lifr","Promoter (<=1kb)","chr15",7128764,7130326,1563
"4954",4954,"peak9509",1.51253987598657,32.549166807194,-1.42194349866243,0.800475884658027,-1.77637268769177,0.0756715097379628,0.373661454581958,0.42752169991795,"Not Sig","Unchanged","Adamts12","Promoter (<=1kb)","chr15",11064912,11065584,673
"4955",4955,"peak9510",1.10707100550293,12.7959049525569,-0.381892468348121,1.17488770967579,-0.325045930094463,0.745146310235637,NA,NA,"Not Sig","Unchanged","Adamts12","Promoter (<=1kb)","chr15",11065790,11066029,240
"4974",4974,"peak9576",3.21535843943382,1641.94437205213,-1.70599572911614,0.27343264273038,-6.23918092617181,4.39867999253089e-10,3.46519853318882e-08,7.46027187810893,"Sig","Down","Basp1","Promoter (<=1kb)","chr15",25411986,25414184,2199
"5415",5415,"peak10319",2.23958915644094,173.615764259869,-1.56160812710047,0.395901419467839,-3.94443679742182,7.99877456181962e-05,0.00173472056153373,2.76077047381718,"Sig","Down","Pdzrn4","Promoter (<=1kb)","chr15",92396786,92397615,830
"5416",5416,"peak10321",1.61959431340911,41.6480155972424,-1.58254766367928,0.70287135359282,-2.25154668146579,0.0243509337274522,0.172850702975646,0.762328849862834,"Not Sig","Unchanged","Pdzrn4","Promoter (<=1kb)","chr15",92597113,92597807,695
"5417",5417,"peak10322",1.18826009173136,15.4262402820072,-1.45577376418471,1.09744155168652,-1.32651598797905,0.184668842936852,0.627251489477774,0.202558298732028,"Not Sig","Unchanged","Pdzrn4","Promoter (1-2kb)","chr15",92599009,92599253,245
"5613",5613,"peak10657",2.66680240932665,464.303983084409,-1.86866918383809,0.317810007302935,-5.87983115980639,4.10685175376821e-09,2.684233793239e-07,6.57117966037649,"Sig","Down","Carhsp1","Promoter (<=1kb)","chr16",8671149,8672563,1415
"5730",5730,"peak10821",2.64809424566148,444.727766772741,-1.64731473410231,0.300218191401409,-5.48705835050401,4.08682166740279e-08,2.13691372064131e-06,5.67021301241984,"Sig","Down","B3gnt5","Promoter (<=1kb)","chr16",19760254,19761562,1309
"5772",5772,"peak10885",2.93630246622099,863.579782152879,-1.26247983186113,0.266459195755296,-4.73798559769177,2.15853148989274e-06,7.2635958523392e-05,4.13884832803072,"Sig","Down","St6gal1","Promoter (<=1kb)","chr16",23224715,23226656,1942
"5955",5955,"peak11214",2.81408881250159,651.761664613519,-0.645247500829736,0.339645373023295,-1.8997682644288,0.0574635373643006,0.311954577892485,0.505908636772336,"Not Sig","Unchanged","Crybg3","Promoter (<=1kb)","chr16",59600173,59601327,1155
"5980",5980,"peak11307",2.14520435481975,139.702556892559,0.521627820202096,0.42090915419239,1.23928837138968,0.215238723613886,0.680810161062939,0.166973971048272,"Not Sig","Unchanged","Mir99ahg","Promoter (<=1kb)","chr16",77236219,77237402,1184
"5981",5981,"peak11308",1.51498913289271,32.7332504118665,-1.46637189302397,0.769607268363009,-1.9053508890879,0.0567344745513255,0.309367381171346,0.509525479014432,"Not Sig","Unchanged","Mir99ahg","Promoter (<=1kb)","chr16",77329124,77329789,666
"5982",5982,"peak11309",1.18458773796486,15.29634738333,-1.49310911399117,1.0973963346871,-1.36059240111906,0.173642534316174,0.606760100192763,0.216982985624006,"Not Sig","Unchanged","Mir99ahg","Promoter (<=1kb)","chr16",77329849,77330173,325
"5983",5983,"peak11313",1.51683316517323,32.8725326328074,-1.19599163191486,0.763692637662913,-1.56606411130909,0.117333608887633,0.490421678042882,0.309430341005298,"Not Sig","Unchanged","Mir99ahg","Promoter (<=1kb)","chr16",77500349,77501062,714
"5999",5999,"peak11353",2.07154930435098,117.909637546653,-1.8041081461893,0.450162777122476,-4.00767952810647,6.1318247285241e-05,0.00137754713990856,2.86089353058734,"Sig","Down","Cyyr1","Promoter (<=1kb)","chr16",85549705,85550532,828
"6000",6000,"peak11354",3.12036120548643,1319.35359715018,-1.05227462177336,0.250715454676586,-4.19708718447674,2.70369871278627e-05,0.00067780501660588,3.16889522116375,"Sig","Down","Adamts1","Promoter (<=1kb)","chr16",85801089,85803491,2403
"6287",6287,"peak12011",1.525364477855,33.524667397571,1.64928539472391,0.784527768113673,2.10226516097635,0.0355300546178494,0.226487005748054,0.644956709738571,"Not Sig","Unchanged","Tekt4","Promoter (<=1kb)","chr17",25474409,25474978,570
"6699",6699,"peak12624",2.81089603978216,646.987723069883,-1.49010700474131,0.277241486400499,-5.37476199571632,7.66839060404831e-08,3.75388232224101e-06,5.42551934588687,"Sig","Down","Uhrf1","Promoter (<=1kb)","chr17",56303422,56305032,1611
"6758",6758,"peak12720",2.57518961052114,376.001528604498,-0.594224828193503,0.342873796557415,-1.7330715679056,0.0830829491325058,0.396582900555418,0.401666015179936,"Not Sig","Unchanged","Arhgap28","Promoter (<=1kb)","chr17",68003447,68004449,1003
"6776",6776,"peak12753",3.00224252632932,1005.1769620945,-0.120414799409902,0.339866790551895,-0.354299986810613,0.723114077632311,0.979285653924712,0.00909060765767618,"Not Sig","Unchanged","Lpin2","Promoter (<=1kb)","chr17",71183024,71184849,1826
"6784",6784,"peak12766",1.30300208430331,20.0910245484233,1.00404170977622,1.00086334571732,1.00317562239891,0.315776132726044,0.801245758253781,0.0962342565955631,"Not Sig","Unchanged","Togaram2","Promoter (2-3kb)","chr17",71688736,71689300,565
"6785",6785,"peak12769",2.67327136924627,471.271708910251,-0.949366616856234,0.402291582104035,-2.35989679896091,0.0182800196254682,0.141167672791329,0.850264744755428,"Not Sig","Unchanged","Clip4","Promoter (<=1kb)","chr17",71782333,71783566,1234
"6788",6788,"peak12775",3.02599185749871,1061.67565186544,-0.580631024155941,0.268250827427483,-2.164507859022,0.0304253940955718,0.203160189404431,0.692161390954383,"Not Sig","Unchanged","Lbh","Promoter (<=1kb)","chr17",72917459,72919613,2155
"6892",6892,"peak13005",1.2442200131773,17.5476924115766,-1.41145679974645,1.11048484910961,-1.27102751638454,0.203718859695644,0.661481560122705,0.179482257974708,"Not Sig","Unchanged","Gm10556","Promoter (<=1kb)","chr18",4812212,4812586,375
"6932",6932,"peak13103",3.10878560641023,1284.65232258069,0.233369335960625,0.27346777288925,0.853370521487868,0.393453863480315,0.858058613675051,0.0664830446382552,"Not Sig","Unchanged","Ttc39c","Promoter (<=1kb)","chr18",12643236,12644607,1372
"7005",7005,"peak13260",2.27073797839706,186.525399312203,-1.58816047653865,0.383050612333506,-4.14608520493868,3.38208014775033e-05,0.000822730764776361,3.08474226260288,"Sig","Down","Gypc","Promoter (<=1kb)","chr18",32559289,32560217,929
"7226",7226,"peak13618",2.47678334057119,299.766667962515,-1.54007080503274,0.327694630568714,-4.6997132737877,2.60527016185871e-06,8.58476210814135e-05,4.06627173504622,"Sig","Down","Gramd3","Promoter (<=1kb)","chr18",56431628,56432854,1227
"7280",7280,"peak13705",3.39367344916691,2475.55995669225,0.000562469822305327,0.266515006354096,0.00211046210868149,0.998316096117356,0.999576543189597,0.000183943904981327,"Not Sig","Unchanged","Nedd4l","Promoter (<=1kb)","chr18",64887355,64889755,2401
"7390",7390,"peak13913",2.45071261565835,282.301129419045,-0.0279040427068252,0.912789045173525,-0.0305700893918162,0.97561239620377,0.998203581708456,0.000780876151495825,"Not Sig","Unchanged","Tshz1","Promoter (<=1kb)","chr18",84085018,84085576,559
"7391",7391,"peak13914",2.73779190628317,546.753921070231,0.20054437200347,0.30938600678005,0.648201171380195,0.516854844392131,0.923242156595599,0.0346843732103926,"Not Sig","Unchanged","Tshz1","Promoter (<=1kb)","chr18",84085683,84086386,704
"7392",7392,"peak13915",3.0607208803131,1150.06101080569,0.144851454430453,0.292648517722473,0.494967326531346,0.620623184385952,0.958595480083502,0.0183646231007732,"Not Sig","Unchanged","Tshz1","Promoter (<=1kb)","chr18",84087480,84088951,1472
"7650",7650,"peak14277",2.94730740499784,885.742339600705,-1.09265579292783,0.262284532523685,-4.16591776272267,3.10102482463425e-05,0.000766110920071375,3.11570834722443,"Sig","Down","Pcsk5","Promoter (<=1kb)","chr19",17835831,17837848,2018
"7930",7930,"peak14751",3.18340479419773,1525.47394457381,-0.118997322723468,0.279981074965213,-0.425019165092688,0.670822703756305,0.968630836362538,0.0138417093046335,"Not Sig","Unchanged","Atrnl1","Promoter (<=1kb)","chr19",57610132,57611940,1809
"7971",7971,"peak14826",2.84723551913984,703.453701416854,-0.179799412384638,0.286458811411426,-0.627662355710892,0.530225150677023,0.9286356419138,0.0321546517171925,"Not Sig","Unchanged","Optn","Promoter (<=1kb)","chr2",5062810,5064299,1490
"7982",7982,"peak14844",0.799961062659318,6.30900777563498,0.45909667432822,1.64452349634213,0.279166989921018,0.780116675167981,NA,NA,"Not Sig","Unchanged","Celf2","Promoter (<=1kb)","chr2",6721319,6721498,180
"7983",7983,"peak14845",1.05062631720871,11.2363773906562,0.891114162516235,1.25938056704007,0.707581318815029,0.479205297246982,NA,NA,"Not Sig","Unchanged","Celf2","Promoter (<=1kb)","chr2",6721621,6721824,204
"7984",7984,"peak14847",3.01207804390737,1028.20105206955,-0.206798028416257,0.293432258149362,-0.704755604310531,0.480962341133655,0.909857187421031,0.0410267698572891,"Not Sig","Unchanged","Celf2","Promoter (<=1kb)","chr2",6871285,6873106,1822
"7985",7985,"peak14848",1.95367617177163,89.8827128298301,-2.52015845162969,0.515801652359037,-4.88590612322325,1.02954248100716e-06,3.71682020722934e-05,4.42982844640944,"Sig","Down","Celf2","Promoter (1-2kb)","chr2",6882304,6882748,445
"7986",7986,"peak14849",2.77533365571855,596.119949128075,-1.48886948854463,0.277993984433425,-5.35576153411761,8.51968132056325e-08,4.07830459351147e-06,5.38952034149528,"Sig","Down","Celf2","Promoter (<=1kb)","chr2",6883638,6885006,1369
"7987",7987,"peak14851",1.93332671143044,85.768282097676,-1.36604341296264,0.522981215711374,-2.61203150691467,0.0090005958846866,0.0829651982536144,1.08110404468394,"Not Sig","Unchanged","Celf2","Promoter (<=1kb)","chr2",7080580,7081518,939
"7988",7988,"peak14852",1.57330683628774,37.4374997029753,0.440986095835311,0.772769054332688,0.570657033123715,0.568232149747157,0.943993365930424,0.0250310577675383,"Not Sig","Unchanged","Celf2","Promoter (<=1kb)","chr2",7395659,7396378,720
"8009",8009,"peak14896",2.9190511775991,829.948563535549,-1.65445207603603,0.271464584811118,-6.09454112471863,1.09751816238228e-09,8.05896746951757e-08,7.09372059727879,"Sig","Down","Vim","Promoter (<=1kb)","chr2",13573511,13575717,2207
"8126",8126,"peak15094",3.0547422613298,1134.33742606543,-0.752724311565059,0.27400744012305,-2.74709442643977,0.00601258210883151,0.0607877903093218,1.21618364332242,"Not Sig","Unchanged","Vav2","Promoter (<=1kb)","chr2",27425502,27427262,1761
"8178",8178,"peak15162",3.08647798431726,1220.33195690929,-1.95329197747635,0.275194292739232,-7.09786514114682,1.26698723025585e-12,1.54578939461625e-10,9.81084967664443,"Sig","Down","Ier5l","Promoter (<=1kb)","chr2",30472255,30474344,2090
"8299",8299,"peak15362",3.08737077142637,1222.84319594697,-1.74790675419992,0.271296897986287,-6.44278193806797,1.17303177862833e-10,1.00749455037352e-08,7.99675729431748,"Sig","Down","Zeb2","Promoter (<=1kb)","chr2",45108580,45110708,2129
"8300",8300,"peak15363",2.51546826398691,327.693829745993,-2.13323510047471,0.382168052494123,-5.58192943275265,2.37864893762637e-08,1.31605667151323e-06,5.88072540890174,"Sig","Down","Zeb2","Promoter (<=1kb)","chr2",45116585,45117576,992
"8350",8350,"peak15494",1.40254547437344,25.2665225853843,-2.3106410589547,0.990888887576057,-2.33188714489175,0.0197066289254952,0.14907485175404,0.826595613861709,"Not Sig","Unchanged","Fign","Promoter (<=1kb)","chr2",64097245,64097495,251
"8351",8351,"peak15495",2.8453669023756,700.433489093738,-0.495189360476789,0.356561676144196,-1.38879019706125,0.164896557026012,0.591107439209319,0.228333574930885,"Not Sig","Unchanged","Fign","Promoter (<=1kb)","chr2",64097677,64099047,1371
"8378",8378,"peak15547",2.6125417464673,409.771497120921,0.56313576754797,0.299787460098517,1.87845004378406,0.0603196249911555,0.321979851506525,0.492171304246141,"Not Sig","Unchanged","Mettl5","Promoter (<=1kb)","chr2",69885079,69886121,1043
"8437",8437,"peak15655",1.78035268294816,60.3049112909997,-0.535488722047852,0.595314996635296,-0.899504842099426,0.368383817834123,0.841257382423846,0.0750711116156677,"Not Sig","Unchanged","Ccdc141","Promoter (<=1kb)","chr2",77169986,77170704,719
"8481",8481,"peak15743",2.9826416227419,960.819088886779,0.241066364387033,0.276611370487844,0.871498391269593,0.383482083871583,0.851554255763139,0.0697876762652282,"Not Sig","Unchanged","Tnks1bp1","Promoter (<=1kb)","chr2",85047532,85048854,1323
"8482",8482,"peak15746",1.46946628769404,29.4758466013071,-1.98062993883724,0.845896825756784,-2.34145569356555,0.0192087057394699,0.146258265375005,0.834879581619625,"Not Sig","Unchanged","Aplnr","Promoter (<=1kb)","chr2",85136809,85137546,738
"8566",8566,"peak15886",2.92924358068506,849.656884447693,-0.98623987252854,0.265665976847163,-3.71233036398906,0.000205359695884828,0.00387754962285393,2.41144263560495,"Not Sig","Unchanged","Abtb2","Promoter (<=1kb)","chr2",103565888,103567924,2037
"9066",9066,"peak16656",1.91830590490011,82.8525548477962,-0.0422290215176036,0.515336325109293,-0.0819445854290353,0.934690779588572,0.996541936332834,0.00150442066171398,"Not Sig","Unchanged","Slpi","Promoter (<=1kb)","chr2",164389097,164389971,875
"9132",9132,"peak16763",2.64144202522152,437.9676421524,-1.75605127690654,0.301508562146121,-5.8242169456385,5.73809989315176e-09,3.7081347125887e-07,6.4308444967845,"Sig","Down","Tshz2","Promoter (<=1kb)","chr2",169632641,169634292,1652
"9134",9134,"peak16767",2.76138067802633,577.272245952651,-0.979188812384034,0.393852356283464,-2.486182440608,0.0129121751486715,0.109413212146135,0.960930231789572,"Not Sig","Unchanged","Zfp217","Promoter (<=1kb)","chr2",170130267,170131692,1426
"9135",9135,"peak16768",1.48541773779399,30.5786098468316,-0.146391405764209,0.782215130982822,-0.187149800567363,0.851543182676929,0.992721182671607,0.00317271105164155,"Not Sig","Unchanged","Zfp217","Promoter (<=1kb)","chr2",170133328,170133534,207
"9151",9151,"peak16819",2.86629777401796,735.017660294516,-1.03289156667763,0.318978440247023,-3.23812344770932,0.00120318735064233,0.016681253064762,1.77777132907769,"Sig","Down","Pmepa1","Promoter (<=1kb)","chr2",173275147,173277075,1929
"9276",9276,"peak17090",3.0214811036631,1050.7057372192,-1.62458633859421,0.270326884720803,-6.00971057788833,1.85854816181259e-09,1.31206882248319e-07,6.8820433841366,"Sig","Down","Fabp5","Promoter (<=1kb)","chr3",10012129,10014149,2021
"9342",9342,"peak17254",2.69900921648688,500.04514669512,-0.983822886355479,0.37470672043046,-2.62558110840732,0.00865011974239416,0.0804515241560983,1.0944657237674,"Not Sig","Unchanged","Gnb4","Promoter (<=1kb)","chr3",32615915,32617177,1263
"9464",9464,"peak17499",2.78184598682396,605.126241721594,-0.635646073641685,0.286955896646414,-2.21513508197716,0.0267507941046579,0.186179718598092,0.730067630447425,"Not Sig","Unchanged","Plch1","Promoter (<=1kb)","chr3",63898615,63899643,1029
"9784",9784,"peak18029",2.7231242258906,528.596430236946,-0.569693330664532,0.317983166597607,-1.79158329907901,0.073199740342345,0.365411581697343,0.437217691828758,"Not Sig","Unchanged","Vangl1","Promoter (<=1kb)","chr3",102203627,102205077,1451
"9846",9846,"peak18118",2.17853965346391,150.84803367663,-0.105998970997231,0.402810957091761,-0.263148181873028,0.792436368407972,0.987103696740034,0.00563722163997644,"Not Sig","Unchanged","Elapor1","Promoter (<=1kb)","chr3",108536189,108537201,1013
"9860",9860,"peak18135",3.04193572521925,1101.37629582239,0.3932798081152,0.256840107328718,1.53122427881506,0.125713972323289,0.509778149163882,0.292618783815611,"Not Sig","Unchanged","Ntng1","Promoter (<=1kb)","chr3",110142168,110144013,1846
"9909",9909,"peak18232",3.17856690304096,1508.57498853479,-1.27003366608009,0.285960954520811,-4.44128348993764,8.94238926632867e-06,0.000256632548896532,3.59068826257648,"Sig","Down","Fnbp1l","Promoter (<=1kb)","chr3",122618406,122620335,1930
"9910",9910,"peak18233",3.05489546467262,1134.7376497588,-1.04605553741095,0.273144756469854,-3.82967460525423,0.000128312813773273,0.00260690875532019,2.58387416935121,"Sig","Down","Pde5a","Promoter (<=1kb)","chr3",122728952,122730972,2021
"9940",9940,"peak18285",0.870919580478707,7.42881563707125,-0.583590766790728,1.51929663221317,-0.384119041941539,0.700890218678117,NA,NA,"Not Sig","Unchanged","Enpep","Promoter (<=1kb)","chr3",129332617,129332779,163
"9995",9995,"peak18390",1.548670302859,35.3728703957961,-0.96309542185266,0.75352695207612,-1.27811675375265,0.20120826247406,0.656619196591456,0.182686424604133,"Not Sig","Unchanged","Bmpr1b","Promoter (<=1kb)","chr3",141981579,141982333,755
"9996",9996,"peak18391",2.56728938861378,369.223545740612,-1.47223636280983,0.308941996525613,-4.76541350598728,1.88466733177215e-06,6.44225869111943e-05,4.19096183992149,"Sig","Down","Bmpr1b","Promoter (<=1kb)","chr3",142168607,142169690,1084
"10025",10025,"peak18443",2.99503382461637,988.630090181265,-1.10031351118627,0.309821678025812,-3.55144132649942,0.000383127403963939,0.00659990506758747,2.18046231126411,"Sig","Down","Gng5","Promoter (<=1kb)","chr3",146499227,146500696,1470
"10083",10083,"peak18579",2.84562744833945,700.853825706727,-1.06958341037862,0.286598643523489,-3.73199048407554,0.000189972679731141,0.00363023295058923,2.44006550556736,"Sig","Down","Tox","Promoter (<=1kb)","chr4",6989563,6991549,1987
"10301",10301,"peak19019",3.13692744398784,1370.6527570247,-0.956224150447903,0.31713600745461,-3.01518631745013,0.00256821438479824,0.0310311774650761,1.50820174498034,"Not Sig","Unchanged","Tmeff1","Promoter (<=1kb)","chr4",48584670,48586705,2036
"10316",10316,"peak19056",2.13166802771661,135.41539089282,-1.64113367565363,0.438588880675819,-3.74184970928771,0.000182670753968113,0.00351896348798006,2.45358523928901,"Sig","Down","Zfp462","Promoter (<=1kb)","chr4",54945056,54945395,340
"10317",10317,"peak19057",3.22951018962527,1696.32940188659,-0.383380813959349,0.260396831536082,-1.47229446571137,0.140941377141873,0.544251956432772,0.264200001117497,"Not Sig","Unchanged","Zfp462","Promoter (<=1kb)","chr4",54947255,54949550,2296
"10367",10367,"peak19167",2.78472534981091,609.15154465822,-1.03311875246641,0.297031277414383,-3.47814803026662,0.000504891017100254,0.00822730286837818,2.08474251489214,"Sig","Down","Whrn","Promoter (<=1kb)","chr4",63494583,63496385,1803
"10387",10387,"peak19233",2.85677212594903,719.071582579996,-0.281936997336354,0.292576718705134,-0.963634422397419,0.335229242600766,0.817362927392336,0.0875850641948452,"Not Sig","Unchanged","Mpdz","Promoter (<=1kb)","chr4",81442051,81443082,1032
"10407",10407,"peak19267",2.46335683344875,290.640969434581,0.134714620592762,0.328605390121487,0.409958645361712,0.681836284047781,0.970004038105472,0.0132264577716175,"Not Sig","Unchanged","Adamtsl1","Promoter (<=1kb)","chr4",85513883,85514849,967
"10408",10408,"peak19268",1.98767627787978,97.2022410376849,-0.797254364707003,0.478327532171062,-1.66675407766803,0.0955633150197502,0.432068952420159,0.364446940069349,"Not Sig","Unchanged","Adamtsl1","Promoter (<=1kb)","chr4",86053441,86054314,874
"10409",10409,"peak19270",1.3259582531896,21.1815751633535,0.43854120804258,1.25912140898125,0.348291439502567,0.727621322156443,0.980720562668351,0.00845471879624947,"Not Sig","Unchanged","Adamtsl1","Promoter (<=1kb)","chr4",86198519,86198937,419
"10480",10480,"peak19407",3.01279146876017,1029.89148805075,-1.28613490651359,0.283315827830193,-4.53958014405198,5.63663531857656e-06,0.000171124394118846,3.76668807651351,"Sig","Down","Cachd1","Promoter (<=1kb)","chr4",100776368,100778152,1785
"10670",10670,"peak19702",2.48013920213276,302.091984483535,-0.356058691569189,0.329880281506221,-1.07935730484841,0.280428476155163,0.759352819964429,0.119556389900506,"Not Sig","Unchanged","Mfsd2a","Promoter (<=1kb)","chr4",122960172,122961379,1208
"10685",10685,"peak19718",2.75861291051404,573.604976463412,-1.1176063480753,0.297381510290217,-3.75815681003376,0.000171169603494265,0.00333477292225083,2.47693373355283,"Sig","Down","Macf1","Promoter (<=1kb)","chr4",123411180,123412544,1365
"10686",10686,"peak19719",2.15625181893292,143.301857206132,2.14471032663328,0.434195530605977,4.93950346204635,7.83217532050603e-07,2.93904231940314e-05,4.5317941604565,"Sig","Up","Macf1","Promoter (<=1kb)","chr4",123526441,123527948,1508
"10687",10687,"peak19720",2.86023090984243,724.821237527502,-0.82590299643506,0.394115714814175,-2.0955850411204,0.0361190173439197,0.228721730537449,0.640692571710834,"Not Sig","Unchanged","Macf1","Promoter (<=1kb)","chr4",123663733,123665387,1655
"10688",10688,"peak19721",3.03721307606713,1089.46448158691,0.791090939789225,0.308273317355024,2.56619984686564,0.0102819569595151,0.0922390791945036,1.0350850411724,"Not Sig","Unchanged","Macf1","Promoter (1-2kb)","chr4",123686181,123687802,1622
"10768",10768,"peak19838",3.1393427306268,1378.2967453415,-3.00407255997862,0.305897168256425,-9.82053079177374,9.18585889345215e-23,4.75088628117652e-20,19.3232253648762,"Sig","Down","Marcksl1","Promoter (<=1kb)","chr4",129513538,129515263,1726
"10876",10876,"peak19979",3.03954948710457,1095.34136050824,-0.963947075347185,0.254625469975656,-3.785744903836,0.000153248821960159,0.00303828560271179,2.51737140432056,"Not Sig","Unchanged","Clic4","Promoter (<=1kb)","chr4",135271349,135273121,1773
"10894",10894,"peak20006",2.68245842275043,481.347169948296,-1.58705106937121,0.315880877750651,-5.02420748185963,5.05515639318781e-07,1.99779444767992e-05,4.69944919820748,"Sig","Down","E2f2","Promoter (<=1kb)","chr4",136171872,136173604,1733
"10895",10895,"peak20007",1.84660546286858,70.2433900128107,0.667350861977809,0.552060322060498,1.208836852261,0.226725530424664,0.696538066984519,0.15705514366277,"Not Sig","Unchanged","E2f2","Promoter (<=1kb)","chr4",136180071,136180937,867
"11151",11151,"peak20623",2.47706665551216,299.96228657432,-1.07345316474518,0.349308990488088,-3.07307625619728,0.00211864341092817,0.026612801155962,1.57490941095963,"Sig","Down","Cdk6","Promoter (<=1kb)","chr5",3341073,3341766,694
"11152",11152,"peak20624",3.17078429808309,1481.78194272207,-0.380228653250289,0.254019741443999,-1.49684686351086,0.134433109090364,0.530485668994668,0.27532634401637,"Not Sig","Unchanged","Cdk6","Promoter (<=1kb)","chr5",3342055,3344737,2683
"11287",11287,"peak21005",2.92729015059382,845.84376162915,0.0422764223619,0.270491204986732,0.156294998072021,0.875800498849327,0.992721182671607,0.00317271105164155,"Not Sig","Unchanged","Cnpy1","Promoter (<=1kb)","chr5",28208730,28210641,1912
"11382",11382,"peak21137",2.8085048327923,643.43522504528,-0.755117629393771,0.29951527871149,-2.52113225289299,0.0116977877026823,0.101638759987706,0.992940642065015,"Not Sig","Unchanged","Rgs12","Promoter (<=1kb)","chr5",34948911,34950259,1349
"11462",11462,"peak21277",1.33220032321666,21.4882141362853,0.0715163711472332,1.12021350467815,0.0638417327130697,0.94909624811703,0.996775620336407,0.00140259275839149,"Not Sig","Unchanged","Slc34a2","Promoter (2-3kb)","chr5",53035262,53035868,607
"11463",11463,"peak21278",1.65761932359476,45.458941973716,0.0499319653393353,0.656395180148881,0.0760699756022125,0.939363426906439,0.996601115023331,0.00147863126469215,"Not Sig","Unchanged","Slc34a2","Promoter (<=1kb)","chr5",53048905,53049496,592
"11511",11511,"peak21384",2.00857135686078,101.9932326508,-1.37223984076727,0.475794088007528,-2.88410443793819,0.00392528550520208,0.0434557782476792,1.36195246790956,"Sig","Down","Gabrg1","Promoter (<=1kb)","chr5",70842046,70842810,765
"11516",11516,"peak21391",2.33829525450475,217.919078871586,-0.963383565586286,0.363969902704278,-2.64687700391817,0.00812388947573385,0.0764841529549601,1.11642853866533,"Not Sig","Unchanged","Atp10d","Promoter (<=1kb)","chr5",72203101,72203873,773
"11545",11545,"peak21428",2.8178694128578,657.460117258556,-1.33793801444025,0.284513588480506,-4.70254521615552,2.5693829508521e-06,8.49002635885031e-05,4.07109096140676,"Sig","Down","Kit","Promoter (<=1kb)","chr5",75574490,75576480,1991
"11674",11674,"peak21763",2.91502751597057,822.294747135151,-0.482443594398809,0.283455446529018,-1.70200855304229,0.0887537649313497,0.41309083403934,0.383954441359166,"Not Sig","Unchanged","Lrrc8c","Promoter (<=1kb)","chr5",105518823,105520337,1515
"11999",11999,"peak22309",2.0271048397153,106.439993587528,-0.186413663399032,0.470518966112237,-0.396187352317196,0.691966820962792,0.972276319249102,0.012210291790743,"Not Sig","Unchanged","Eln","Promoter (<=1kb)","chr5",134746504,134747810,1307
"12170",12170,"peak22551",2.24736012813027,176.750287191636,-1.42013058232247,0.389060366515222,-3.65015484625805,0.00026208226632546,0.00475606346159346,2.32275235909204,"Sig","Down","Nptx2","Promoter (<=1kb)","chr5",144545447,144546966,1520
"12171",12171,"peak22552",1.79371915135646,62.1897987420133,-0.975507594242376,0.582078331496648,-1.67590432671516,0.0937569341036616,0.426740237088237,0.369836405836443,"Not Sig","Unchanged","Nptx2","Promoter (2-3kb)","chr5",144547938,144548462,525
"12246",12246,"peak22700",1.30949715507083,20.3937530024644,0.704540183811303,0.947117919069724,0.743878000432423,0.456950285791821,0.897945398963205,0.0467500705152384,"Not Sig","Unchanged","Asb4","Promoter (<=1kb)","chr6",5382836,5383157,322
"12247",12247,"peak22701",1.08676433949591,12.2113685685869,0.2667007123376,1.21520123631067,0.21947040898946,0.826283628172768,NA,NA,"Not Sig","Unchanged","Asb4","Promoter (<=1kb)","chr6",5383878,5384078,201
"12292",12292,"peak22807",3.0362458256972,1087.04075217057,-0.22673739419904,0.279687666426357,-0.810680703572394,0.417549057539164,0.872007516495283,0.0594797715372087,"Not Sig","Unchanged","Cttnbp2","Promoter (<=1kb)","chr6",18513788,18515189,1402
"12301",12301,"peak22836",2.84488853484715,699.662399004217,-0.406849355841688,0.278349033101808,-1.46165176615821,0.143836661099841,0.550340624674544,0.25936842754722,"Not Sig","Unchanged","Ptprz1","Promoter (<=1kb)","chr6",22875036,22876386,1351
"12696",12696,"peak23576",1.67773367467306,47.6138911390927,-0.144531576577258,0.72469650468915,-0.199437386053425,0.841920618001878,0.992161666657211,0.00341755645811652,"Not Sig","Unchanged","Grip2","Promoter (<=1kb)","chr6",91826971,91827134,164
"12702",12702,"peak23585",1.24586584404605,17.6143184637808,-4.11972717644728,1.23160306205738,-3.34501212555068,0.000822789731720287,0.0122573516013509,1.91160335601404,"Sig","Down","Prickle2","Promoter (1-2kb)","chr6",92479635,92479838,204
"12703",12703,"peak23586",2.51330355396225,326.064527052032,-1.88917253202266,0.334290004419795,-5.6512982950285,1.5924047181464e-08,8.93511807769365e-07,6.04889970391358,"Sig","Down","Prickle2","Promoter (<=1kb)","chr6",92479880,92481654,1775
"12704",12704,"peak23587",1.21741222819094,16.4972755429048,-1.10888931379014,1.0477686193914,-1.0583341524718,0.289903127934287,0.771323903465747,0.112763209565243,"Not Sig","Unchanged","Prickle2","Promoter (<=1kb)","chr6",92534443,92534814,372
"12705",12705,"peak23588",2.51301238620801,325.845994094312,-1.22172897773319,0.327087792415487,-3.73517143122625,0.000187587355653786,0.00359330980544221,2.44450533748677,"Sig","Down","Prickle2","Promoter (<=1kb)","chr6",92705517,92706524,1008
"12860",12860,"peak23864",2.94727827277388,885.682926506928,0.0109242694377559,0.301786896706647,0.0361986208048485,0.971123985708603,0.997697232692036,0.00100123238050222,"Not Sig","Unchanged","Rimklb","Promoter (<=1kb)","chr6",122485526,122487128,1603
"12895",12895,"peak23930",2.08103873517344,120.514342356524,-2.0064000955064,0.44946236042265,-4.46400026382563,8.04434648358113e-06,0.00023425097575383,3.63031859141725,"Sig","Down","Tnfrsf1a","Promoter (<=1kb)","chr6",125349442,125350629,1188
"12977",12977,"peak24111",2.76769517636842,585.726908825087,-0.119404379217269,0.284449356814163,-0.419773771171783,0.674650727439636,0.968630836362538,0.0138417093046335,"Not Sig","Unchanged","Bcat1","Promoter (<=1kb)","chr6",145047107,145048971,1865
"12978",12978,"peak24112",2.56808659816222,369.901930737927,-1.23609941355293,0.311552094147549,-3.96755289652306,7.26143984577777e-05,0.00158492582909082,2.79999105696061,"Sig","Down","Bcat1","Promoter (<=1kb)","chr6",145075101,145076315,1215
"13002",13002,"peak24149",2.24031516706507,173.906240675596,-0.0690997602124798,0.40309566234502,-0.171422733279962,0.863891380769722,0.992721182671607,0.00317271105164155,"Not Sig","Unchanged","Rps4l","Promoter (<=1kb)","chr6",148354532,148355592,1061
"13136",13136,"peak24501",0.560105873396492,3.6316657763735,-1.26892075898801,2.67779957650087,-0.473866965296235,0.63559477766774,NA,NA,NA,NA,"Bicra","Promoter (<=1kb)","chr7",15998871,15999043,173
"13137",13137,"peak24502",3.18111107625715,1517.43842172814,-0.104280102775267,0.266723275819684,-0.390967389159409,0.695821340858104,0.972819652924114,0.0119676643560016,"Not Sig","Unchanged","Bicra","Promoter (<=1kb)","chr7",16046426,16048038,1613
"13138",13138,"peak24503",2.6583502635873,455.355161366444,0.102679939776296,0.317249640533033,0.323656599275499,0.746198032329361,0.983578020285395,0.00719118486970011,"Not Sig","Unchanged","Bicra","Promoter (<=1kb)","chr7",16048332,16049037,706
"13341",13341,"peak24967",2.89797774188225,790.638105801729,-0.239563169950509,0.270786297881839,-0.884694579542742,0.3763213799586,0.84763621432167,0.0717904968124834,"Not Sig","Unchanged","Plekhg2","Promoter (<=1kb)","chr7",28371460,28373031,1572
"13445",13445,"peak25124",3.277196030739,1893.19797269964,-0.283844396033672,0.272793933397011,-1.04050846182338,0.298103734802739,0.780449629318667,0.107655121320171,"Not Sig","Unchanged","Kctd15","Promoter (<=1kb)","chr7",34653258,34655733,2476
"13478",13478,"peak25214",1.15722057742814,14.3621870117476,-0.716406086134693,1.11272879277836,-0.64382811947007,0.519686897320307,NA,NA,"Not Sig","Unchanged","Vmn2r-ps54","Promoter (<=1kb)","chr7",41667967,41668141,175
"13479",13479,"peak25215",1.40595513727285,25.4656717797954,-0.965927446318677,0.877148426321595,-1.10121322382049,0.270803867689577,0.749848093133465,0.125026708602833,"Not Sig","Unchanged","Vmn2r-ps54","Promoter (2-3kb)","chr7",41683220,41683464,245
"13543",13543,"peak25309",1.68062208618836,47.9316176380677,-2.78972525484731,0.70269578803876,-3.97003269741164,7.18627692538677e-05,0.00157442312983979,2.80287853864851,"Sig","Down","Rcn3","Promoter (<=1kb)","chr7",45091562,45092374,813
"13598",13598,"peak25370",2.86380639249776,730.813215967029,0.0706297873987586,0.287078295087371,0.246029702026977,0.805659240134767,0.988286602396403,0.00511709206274479,"Not Sig","Unchanged","Nomo1","Promoter (<=1kb)","chr7",46033609,46034476,868
"13630",13630,"peak25436",1.86026243157849,72.4873848034592,-0.749175802205288,0.539351194738476,-1.38903150584204,0.16482316984062,0.591107439209319,0.228333574930885,"Not Sig","Unchanged","Gas2","Promoter (<=1kb)","chr7",51878948,51879733,786
"13632",13632,"peak25441",2.77064346262797,589.71674892208,-2.00396050076958,0.286781014080212,-6.98777255948008,2.79284649146939e-12,3.22546654750235e-10,9.49140745797408,"Sig","Down","Luzp2","Promoter (<=1kb)","chr7",54835284,54836864,1581
"13665",13665,"peak25541",2.85490389705623,715.984955803507,-0.270213819547747,0.296887532729019,-0.910155495799755,0.362740510819548,0.837541198095278,0.0769938211085661,"Not Sig","Unchanged","Tjp1","Promoter (<=1kb)","chr7",65370227,65371539,1313
"13666",13666,"peak25542",2.8401747431802,692.109392758467,-0.0151204015420091,0.302644479642192,-0.0499609362109809,0.96015351781164,0.996940004600462,0.00133097654787541,"Not Sig","Unchanged","Tjp1","Promoter (<=1kb)","chr7",65526883,65527934,1052
"13672",13672,"peak25552",2.95099720309941,893.299730773738,-0.184858674186848,0.375753402532432,-0.491968064536403,0.622741919862216,0.95911755880265,0.0181281581992483,"Not Sig","Unchanged","Chsy1","Promoter (<=1kb)","chr7",66108975,66110821,1847
"13673",13673,"peak25554",2.36236302322328,230.33663781456,-0.780934603574623,0.353049525960935,-2.21196899060851,0.0269688076219664,0.186841846864939,0.728525848517161,"Not Sig","Unchanged","Lrrk1","Promoter (<=1kb)","chr7",66387703,66388597,895
"13765",13765,"peak25718",2.94982699984382,890.895981181555,-0.348125543414905,0.343597616565288,-1.01317799260332,0.310975150326448,0.796814479410901,0.0986427826778311,"Not Sig","Unchanged","Btbd1","Promoter (<=1kb)","chr7",81828381,81829865,1485
"13767",13767,"peak25722",3.11447602640205,1301.59546390048,-0.631054039201077,0.297964154572787,-2.11788575745249,0.0341847440992859,0.220224545590607,0.657134277460242,"Not Sig","Unchanged","Hdgfl3","Promoter (<=1kb)","chr7",81933154,81934747,1594
"13805",13805,"peak25798",3.35035318064497,2240.54247085475,-0.175040104141015,0.290585182095418,-0.602371059937731,0.546927169452268,0.937932984101413,0.0278281911248839,"Not Sig","Unchanged","Crebzf","Promoter (<=1kb)","chr7",90442702,90444650,1949
"13841",13841,"peak25863",3.07003510772154,1174.99253575363,-1.77833225515643,0.271653747205679,-6.54631961991668,5.89722999616214e-11,5.27447364055239e-09,8.27782087373821,"Sig","Down","Tsku","Promoter (<=1kb)","chr7",98359432,98361649,2218
"13924",13924,"peak25971",2.96125093860569,914.641575573377,-1.18003689117717,0.328379421835606,-3.59351656258146,0.00032624490070755,0.00578367543422751,2.23779608657781,"Sig","Down","Dchs1","Promoter (<=1kb)","chr7",105786564,105788125,1562
"14259",14259,"peak26471",2.31251311694558,205.358704977062,-0.86884300551247,0.36471222314476,-2.38227004848043,0.0172062743763294,0.13545813159737,0.868194919003894,"Not Sig","Unchanged","Tnfrsf22","Promoter (<=1kb)","chr7",143648982,143649799,818
"14261",14261,"peak26473",2.35392514707987,225.904637823396,-0.748973600331031,0.353008118650705,-2.12168944780595,0.0338638253308303,0.218690083725783,0.66017090914714,"Not Sig","Unchanged","Osbpl5","Promoter (<=1kb)","chr7",143739706,143740673,968
"14262",14262,"peak26474",1.00968789062255,10.2255785836302,0.0139788664698253,1.33242127722258,0.0104913263611071,0.991629286232265,NA,NA,"Not Sig","Unchanged","Osbpl5","Promoter (<=1kb)","chr7",143756781,143757011,231
"14263",14263,"peak26475",0.81134408085454,6.47655534112875,2.15673447069541,1.70880963306835,1.26212682147792,0.206903155389929,NA,NA,NA,NA,"Osbpl5","Promoter (<=1kb)","chr7",143757154,143757327,174
"14264",14264,"peak26476",1.51693436263375,32.8801933436128,-0.136791243002645,0.757304592288508,-0.180629094812794,0.856658717152645,0.992721182671607,0.00317271105164155,"Not Sig","Unchanged","Mrgpre","Promoter (<=1kb)","chr7",143783871,143784434,564
"14316",14316,"peak26560",2.83886601060914,690.026882540552,-1.78860632849056,0.284352520649367,-6.29010189326253,3.17257660631069e-10,2.55860237426229e-08,7.59199720144437,"Sig","Down","Myo16","Promoter (<=1kb)","chr8",10153573,10155086,1514
"14317",14317,"peak26563",1.39751112156769,24.9753234603262,2.06326520742739,0.954133339291995,2.16244954710252,0.0305835420028366,0.203585072129123,0.69125406980104,"Not Sig","Unchanged","Myo16","Promoter (<=1kb)","chr8",10249089,10249641,553
"14374",14374,"peak26675",2.47869922070493,301.092002927372,-1.54446159099877,0.330735143505746,-4.66978372672372,3.01516998785164e-06,9.85355895343109e-05,4.00640688070307,"Sig","Down","Xkr5","Promoter (<=1kb)","chr8",18950174,18951270,1097
"14457",14457,"peak26904",2.93128846020912,853.666934898653,-0.363842134977923,0.304355393419927,-1.19545157682132,0.231910644638413,0.70313953969569,0.152958479665511,"Not Sig","Unchanged","Ppp2cb","Promoter (<=1kb)","chr8",33599486,33600656,1171
"14625",14625,"peak27252",2.73490298316645,543.128988618389,-1.69665908235731,0.311612033211876,-5.44478037279032,5.1869344248752e-08,2.64417021226167e-06,5.57771059159689,"Sig","Down","Homer3","Promoter (<=1kb)","chr8",70282694,70283863,1170
"14839",14839,"peak27563",1.99628467175311,99.1481629247136,0.733637412525569,0.47443496407724,1.54633926264787,0.122022654390247,0.501215637188944,0.299975388118963,"Not Sig","Unchanged","Adcy7","Promoter (<=1kb)","chr8",88272127,88273010,884
"14884",14884,"peak27651",1.51626649577118,32.8296683745359,-1.76787302230286,0.798075437794153,-2.21517031922344,0.0267483762961367,0.186179718598092,0.730067630447425,"Not Sig","Unchanged","Adgrg1","Promoter (<=1kb)","chr8",94984274,94985006,733
"14885",14885,"peak27652",0.947012014374741,8.85140096114134,-3.03941644345009,1.52763002165859,-1.98962864067709,0.0466318587466464,NA,NA,NA,NA,"Adgrg1","Promoter (<=1kb)","chr8",94985312,94985495,184
"14886",14886,"peak27653",2.61845028690937,415.38450002928,-5.39500566381199,0.377338440383915,-14.2975246792321,2.26731667067101e-46,8.99028848532233e-43,42.0462263721629,"Sig","Down","Adgrg1","Promoter (<=1kb)","chr8",94994509,94996883,2375
"15411",15411,"peak28625",2.71054941495276,513.510602511025,-0.312847353846412,0.31009690369354,-1.00886964726223,0.313037153657598,0.799513357237565,0.0971742762253011,"Not Sig","Unchanged","Grik4","Promoter (<=1kb)","chr9",42943706,42944980,1275
"15440",15440,"peak28664",2.86136031587708,726.708626998104,0.503142124045455,0.300621519987755,1.67367300939051,0.0941948811039074,0.427670339868412,0.368890868233124,"Not Sig","Unchanged","Phldb1","Promoter (<=1kb)","chr9",44720364,44721572,1209
"15441",15441,"peak28665",2.51085015120478,324.227726641317,0.363471726183752,0.338414247828242,1.07404380435019,0.282803049170226,0.762491384295578,0.117765059225804,"Not Sig","Unchanged","Phldb1","Promoter (<=1kb)","chr9",44733839,44735153,1315
"15699",15699,"peak29058",2.96536627848094,923.349840450258,-0.633063644637225,0.273685331987664,-2.31310768479824,0.0207167193097351,0.154093957452501,0.812214391109535,"Not Sig","Unchanged","Prtg","Promoter (<=1kb)","chr9",72806780,72808043,1264
"15799",15799,"peak29262",2.50243307495243,318.004360388829,-1.01910159030145,0.332487811648374,-3.06507954456752,0.00217612111921122,0.0272055163148471,1.56534302750256,"Sig","Down","Plscr1","Promoter (<=1kb)","chr9",92250068,92251027,960
"15997",15997,"peak29560",2.72341969179961,528.956175459298,-0.148377630486181,0.29755623594501,-0.498654077992847,0.618023101063975,0.957831823254277,0.0187107379405866,"Not Sig","Unchanged","Mlh1","Promoter (<=1kb)","chr9",111270934,111271617,684
"15998",15998,"peak29561",3.08969908604662,1229.41663745415,-0.0309564340199233,0.265387915691583,-0.116645981936491,0.907140598099045,0.994109904506638,0.00256559922219406,"Not Sig","Unchanged","Mlh1","Promoter (<=1kb)","chr9",111271740,111272877,1138
"16030",16030,"peak29614",2.40878255722283,256.320037075507,-1.42223601096358,0.347941975711286,-4.08756663537405,4.35921487919358e-05,0.00102278186578791,2.99021698074158,"Sig","Down","Rbms3","Promoter (<=1kb)","chr9",117251194,117252704,1511
"16076",16076,"peak29696",1.83000222626405,67.608644111201,-0.0277111282636783,0.55366814276521,-0.0500500681243449,0.960082489694342,0.996940004600462,0.00133097654787541,"Not Sig","Unchanged","Ccdc13","Promoter (<=1kb)","chr9",121839051,121839742,692
