"","baseMean","log2FoldChange","lfcSE","stat","pvalue","padj"
"AC161119.1",558.804192355622,0.853643470060717,0.162497990740935,5.25325553976636,1.4943397617947e-07,2.12909453788431e-05
"Abca1",3394.91596975647,0.993544114701504,0.11668496782443,8.5147567268171,1.66940389896616e-17,1.74424884043648e-14
"Abca7",217.281727129869,-0.705404729667346,0.225107473223488,-3.13363532345733,0.00172655285936904,0.0365667563357585
"Acap3",1599.69094500259,-0.37683675681855,0.122139916552971,-3.08528749203066,0.00203355484962399,0.0412568134378407
"Acat2",734.269344101484,0.496779229928376,0.162357289903838,3.05979010996433,0.00221492155653581,0.0439298440629494
"Ackr1",1516.83823308113,-0.840843598755405,0.125980344821276,-6.67440305825707,2.48240504041697e-11,9.43163466568121e-09
"Acly",2005.98038165505,0.410983444696344,0.122120988531391,3.36537928196267,0.000764385069185366,0.0202191139186627
"Acta2",4522.44120419742,0.665881720869913,0.131553490870759,5.06168035878339,4.15577342660677e-07,4.96238925931387e-05
"Actg2",350.160801013379,0.788910950294556,0.201549804503769,3.91422334661607,9.06956571944646e-05,0.00377788089669169
"Actn1",1875.06693311838,0.56026629861296,0.121016505344541,4.62966846561837,3.66251652676922e-06,0.000304110147103527
"Adam11",1133.7765271431,-0.607248191134218,0.157146096076975,-3.86422702372936,0.000111441538649664,0.00437468720706225
"Adam22",3167.12959100223,-0.490086783925041,0.123615037439404,-3.96462108556397,7.35126245209673e-05,0.00325689500439536
"Adam8",1357.3929450518,0.638238304248665,0.137809498123142,4.63130853055105,3.63361930479587e-06,0.000303722125623538
"Adamts1",1317.8369294608,0.574073957191637,0.128934672949106,4.45244048060091,8.48997780074757e-06,0.000588106860031896
"Adamts18",709.513354197764,-0.688463088455159,0.145528642664678,-4.73077379029426,2.23665645545853e-06,0.000209277601780142
"Adamts5",342.750669615748,0.868018301874971,0.224088828707279,3.87354562421691,0.000107263314855588,0.00428301733012538
"Adamtsl1",173.792653944431,0.841556620161498,0.24188869352553,3.47910688960199,0.000503087878243041,0.014310826877028
"Adcy1",9241.91818684917,-0.722836592522482,0.111028311361339,-6.51038085385294,7.49605052618161e-11,2.68529947135043e-08
"Adgra2",1316.71122705147,0.429611812528509,0.13054811534475,3.29083121111318,0.00099891830549358,0.0244617924107002
"Adgrb2",2985.53016640508,-0.434688519675367,0.121510862279249,-3.57736346793747,0.000347077403656821,0.0107981550547127
"Adm",454.20051419935,1.05890589039386,0.185016409825135,5.72330795627625,1.04469646264107e-08,2.18306737476563e-06
"Adra2c",388.739080497908,0.724937445078454,0.195051058532933,3.7166547596872,0.000201878002398074,0.00705054705868258
"Aebp1",2943.32221552494,0.713392217045119,0.12267405993292,5.81534692367085,6.05082627401584e-09,1.33096947058966e-06
"Afap1l2",318.409122319884,-0.650911213686255,0.205189643301013,-3.1722420450401,0.00151266875281407,0.0332734049522506
"Ahnak",1874.12071910004,0.669328943716356,0.123927946577018,5.40095242601624,6.62880053322685e-08,1.06553719340511e-05
"Ajm1",2471.36347272138,-0.515858373800394,0.123985619221974,-4.16063070086251,3.17369925790699e-05,0.00164429096262966
"Akap12",4346.72314321786,0.582580327331429,0.115824176668246,5.02986806459336,4.90817453596852e-07,5.64575159008929e-05
"Alms1",384.784343818217,-0.566539705194246,0.182229376310303,-3.10893730015041,0.00187761559256146,0.0387834337718873
"Amotl2",951.112658016624,0.433213639596013,0.139177690649882,3.11266581284075,0.00185405830549638,0.0384234430319233
"Amph",1657.13910941233,-0.389170048602874,0.124237464649521,-3.13246933765703,0.00173342532460389,0.0366503991903602
"Angpt2",350.820595440977,0.695042503944973,0.190563208934097,3.64730688485279,0.00026500334531484,0.00878997868665996
"Anpep",710.612245174904,0.756245496143938,0.147298779717565,5.13409206508015,2.83509299287061e-07,3.64487784570153e-05
"Anxa1",1704.45364321113,0.487161717466628,0.125162836289081,3.89222337804377,9.93297245140039e-05,0.00403040804516693
"Anxa2",1936.66215812531,0.469590263033917,0.15246501818137,3.07998692838052,0.00207009680121282,0.0418626995058167
"Anxa3",996.11221330904,0.702687157130442,0.140331553788951,5.00733540075552,5.5188710934285e-07,6.29050961540059e-05
"Anxa5",1882.72277815485,0.425504199133949,0.121883640249908,3.49106900861758,0.000481091973676413,0.0138665084274825
"Ap1s2",554.319087988012,-0.884619752940276,0.166262943802636,-5.32060682138752,1.03421701146684e-07,1.60086578886065e-05
"Apobec1",487.212353976487,0.503407187696921,0.163906424761151,3.07130845194445,0.00213122859602592,0.0426177737431786
"Apod",1714.8750191713,-0.565163534289824,0.134373863518188,-4.20590373375195,2.60040912714174e-05,0.00141756215809144
"Apol7d",724.011597997032,0.96148249620594,0.164707751260299,5.83750606057661,5.29879678394863e-09,1.18636275137764e-06
"Aqp1",465.489819418615,0.688781576059136,0.183892013472369,3.74557634697186,0.000179980100090457,0.00635659294347647
"Arhgap25",147.612726253976,0.834513900014671,0.266916710401188,3.12649552274325,0.00176903198103488,0.0370905066525339
"Arhgap26",449.779621483388,-1.13802849543973,0.175367768338855,-6.48938232047735,8.61889970714786e-11,2.92064228454648e-08
"Arhgef3",137.995679974159,-0.86407465151441,0.284730238358421,-3.03471333601985,0.00240764410016368,0.0472410668667484
"Arpc1b",1386.26391030936,0.430955936917029,0.134280155214549,3.20937919850077,0.00133021930529389,0.0302722743349563
"Arsi",228.689104994031,0.875342545618651,0.214446138989008,4.08187598874661,4.46736335532076e-05,0.00217100006779115
"Asah1",1317.81645073384,0.383995957515047,0.127286675835175,3.01678046814803,0.00255474757685042,0.0494312116027015
"Asic2",892.334741419935,-0.548290498524285,0.145204364369745,-3.77599186432256,0.000159372192773677,0.00579190884926482
"Ass1",302.512489012495,0.801346193285886,0.196422696966637,4.07970262938604,4.50933484469765e-05,0.00218293591825557
"Astn2",1973.88636225001,-0.42659209735289,0.120720803312765,-3.53370823956225,0.00040977314744375,0.012232704101547
"Atp13a4",55.860775846467,1.29045015033059,0.418038263796461,3.08691873947429,0.00202242874988772,0.0410975877894526
"Atp1a1",7822.12832340076,-0.376250465851234,0.118907796522504,-3.16422031906062,0.00155499034267295,0.0339659737220095
"Atp1a2",3643.6291304081,-0.379750340831329,0.11339355968534,-3.34895863473297,0.000811159051926294,0.0211881504021914
"Atp1b2",5253.95005414838,-0.550205818421911,0.116477984753231,-4.7236893700348,2.31604091951581e-06,0.000213248056680333
"Atp2b2",3333.91296596621,-0.622381862481871,0.117483468822008,-5.29761224044894,1.17326786767572e-07,1.75124196725216e-05
"Atp2b3",899.812472168825,-0.507163543383953,0.156885853609641,-3.23269135945082,0.00122629973680402,0.0284728631482386
"Atp6v0d2",275.268545403212,1.08157570898075,0.207949575059206,5.20114411713901,1.98065438055702e-07,2.64185581100254e-05
"Atp6v1g2",679.804537461681,-0.451650171678003,0.148302810981894,-3.04545927813293,0.00232325237018763,0.0459446975038053
"Atp8a1",1893.6225538697,-0.52313765166385,0.125847818927433,-4.15690677933405,3.22585540764724e-05,0.0016644351893449
"Axl",867.177350773441,0.478912931633248,0.143054217999236,3.34777218268257,0.000814639484029256,0.0211932489936468
"Barhl2",417.284102699794,-0.53437613454727,0.17182129751495,-3.11006925378836,0.0018704348406725,0.0386988647398544
"Basp1",3430.18603347197,0.510060889531356,0.124309115530617,4.10316562348745,4.07535288237644e-05,0.00200532113106509
"Bc1",317.064630130506,0.674261536368977,0.187866847591323,3.58903949799452,0.00033189855731339,0.0103774167371453
"Bcat1",772.883234004981,0.521665339720143,0.160202449792877,3.25628815535963,0.00112879129307317,0.0266530795339951
"Bgn",6191.69712041756,0.4398415458321,0.111322768099198,3.95104751114493,7.78098740624907e-05,0.00336223086717778
"Bhlhe40",451.370454865778,0.919505578987104,0.168046582426159,5.47173031258246,4.45662675470071e-08,7.55097111492399e-06
"Brinp1",1049.57545434364,-0.441091572607656,0.140937704092707,-3.12969177018459,0.00174989810875155,0.0368743235084487
"Btbd3",4886.22592128022,-0.574269981904388,0.115462999794265,-4.97362776757609,6.57114294495462e-07,7.4224315534992e-05
"C1qb",830.082591708323,0.722296972227446,0.188816256983532,3.82539609547731,0.000130561993703924,0.0049605644759388
"C1qc",951.401476216455,0.693097034317741,0.181308337674827,3.82275323466258,0.000131969833319086,0.00498384870528525
"C1ql1",119.065894547203,0.889395072523972,0.281891259779897,3.15509985381746,0.00160443183254292,0.034803401931528
"C3ar1",993.211771287484,0.623679974430562,0.140324748099801,4.44454725824267,8.80771467129129e-06,0.000600169166025273
"Cacna1i",563.067326823075,-0.835759758085578,0.181608206934746,-4.60199333604938,4.18466596470226e-06,0.000324888315137085
"Cacnb4",747.006683596631,-0.621284888405265,0.172114317965092,-3.60972228081148,0.000306525009122909,0.00975434153396709
"Cadm3",8639.16762334626,-0.589389537875809,0.111599963503954,-5.28126998764591,1.28291472212315e-07,1.85016984049378e-05
"Cadps2",5020.47465077868,-0.89667411929972,0.128437321236587,-6.98141405213527,2.92223661990135e-12,1.35700010149345e-09
"Cald1",3227.15501774617,0.562193958323612,0.115403737634013,4.87154029713085,1.10731571902632e-06,0.000117656987162305
"Camk2b",2973.45539164885,-0.422563405181285,0.121871885245074,-3.46727552734205,0.000525762667227926,0.0147802966854344
"Camkk2",1263.98383061285,-0.447737431221693,0.131134393559661,-3.4143401976232,0.000639366876748226,0.0172025362675306
"Capg",375.152260317106,0.707408197338125,0.233033851880399,3.03564564388349,0.00240021269647532,0.0471690702012658
"Cbfa2t3",623.4625514029,-0.663886038235365,0.168493325360564,-3.94013256498259,8.14365950185609e-05,0.00347296608279836
"Cbln1",7416.25535209142,-0.531640737763765,0.108977124593817,-4.87846178494167,1.06916373276572e-06,0.000114574144285612
"Cbln3",762.630969092091,-1.44871493492803,0.17526474043594,-8.26586643340019,1.38683759722735e-16,1.24201212814546e-13
"Ccbe1",283.536665942668,0.848293397278999,0.203493051118331,4.1686602693166,3.06395279795554e-05,0.00160580329419912
"Ccdc80",1060.09405861919,0.573325772798675,0.140711022002154,4.07449085822073,4.61151245917929e-05,0.00222097213104489
"Ccl2",518.218198091439,0.694601915165892,0.1955489196222,3.55206214643303,0.000382224573315991,0.0116037087172782
"Ccl3",241.642957331688,1.28769637944297,0.233250881321245,5.52064957760861,3.37748743120386e-08,5.88151908506028e-06
"Ccl4",133.03413108995,1.25245118950441,0.318260880557556,3.93529731744053,8.30937643144406e-05,0.0035316258202524
"Ccl6",1304.74235384243,1.35801027995453,0.360580312616497,3.76617977310058,0.000165764455179339,0.00598949492518313
"Ccl9",500.785974071203,0.920007614036937,0.187688601796331,4.90177669411846,9.49737598785832e-07,0.000104454473803305
"Ccn1",1172.44261471204,0.91679371822783,0.150866911319021,6.07683759289795,1.22575792943532e-09,3.13643937127755e-07
"Ccn2",2576.26458822778,0.826077919193103,0.126415449889135,6.53462784744714,6.37679030873261e-11,2.35153520267322e-08
"Ccn3",304.849330868946,0.841867156781692,0.210960474092221,3.99063929110091,6.58954349160209e-05,0.00295970028967086
"Ccn4",291.814384140908,0.660683964014659,0.201654803284008,3.27631156439235,0.00105172468453715,0.0254566102214804
"Ccnd2",2931.45162523097,0.91098936161374,0.132482111879252,6.87631974378582,6.14185635895792e-12,2.65539982857291e-09
"Ccr1",135.510709683555,0.964195619132284,0.283024246160339,3.40675978193773,0.000657389571860546,0.0176118599401443
"Cd180",289.84965655679,0.635700469189727,0.20305189708013,3.13072903199156,0.00174372970491887,0.0368062004044997
"Cd248",618.555682301363,0.545189532256879,0.162400166580057,3.35707495711293,0.000787717542313204,0.0207924264116273
"Cd276",284.359072409016,0.697809893697428,0.196211270900882,3.55642104805453,0.0003759413911049,0.0114684991768205
"Cd300c2",75.4058216207937,1.25799820121944,0.415832089320914,3.02525522567017,0.00248423395763192,0.0484406304211338
"Cd300lf",88.4236027791445,1.5815077643945,0.332736095767984,4.75303937417501,2.00381305675077e-06,0.000199694358509651
"Cd36",1175.7020087601,1.2717398378442,0.147259260550984,8.63606019129707,5.81848629449467e-18,6.63201646912492e-15
"Cd44",1934.13836671043,0.614288626879493,0.119670269362457,5.13317660394777,2.84892350357912e-07,3.64487784570153e-05
"Cd53",525.642263059943,0.615282981386641,0.161646001897041,3.80636065331539,0.000141026690571097,0.00521590751144666
"Cd63",3380.97949078394,0.432695501250966,0.116534289600939,3.71303161269263,0.000204791295123429,0.00710700950219836
"Cd68",1070.60212852832,0.498623867167668,0.144194905085486,3.45798533500236,0.000544231007916916,0.0151298633642179
"Cdh15",78.3807779553752,-2.16552724112791,0.383329902129385,-5.64925206486234,1.61147419791094e-08,3.06131265051626e-06
"Cdh22",460.698810128348,-1.0520661315584,0.171693038490068,-6.12759923646674,8.92149561042518e-10,2.37995131837257e-07
"Cdh7",430.651313999502,-0.559188990320455,0.180007605063332,-3.10647425215015,0.00189332795983585,0.038979550017113
"Cdkl5",794.199285455317,-0.49998449562242,0.164567987607575,-3.03816375767243,0.00238024569184242,0.0468501106504243
"Cdkn1a",1625.71003173538,0.464475778888775,0.131749910006281,3.52543526493969,0.000422787494343624,0.0125912342139676
"Cdkn2a",102.17124111637,1.58230760020664,0.368556476985621,4.29325679784045,1.76071160837918e-05,0.00102202787712306
"Cdkn2b",219.22195103511,1.08912125461705,0.276245088098095,3.94259048048777,8.06062251945855e-05,0.00344928618255875
"Cds1",291.024854682027,1.08615237684859,0.200839470301064,5.40806234561571,6.37102486591491e-08,1.05105144432686e-05
"Celf4",3594.23011660337,-0.463973484351905,0.111047274817645,-4.1781618244465,2.93874540982154e-05,0.00154815083816565
"Cercam",257.63264306037,0.690901699209394,0.211688674642909,3.26376316718339,0.0010994302601007,0.0261568436454319
"Cfh",3810.05707952786,0.589156841435815,0.120523707975948,4.88830663551596,1.01707027701035e-06,0.000109931268389274
"Chgb",1680.05323290154,-0.488188963794067,0.14100159581847,-3.46229389079098,0.000535591962373649,0.0149894018398233
"Ckmt1",249.345138736215,-0.652243036271422,0.205011954114327,-3.18148782635228,0.0014652068057598,0.0323999346218983
"Clec7a",103.74821462202,1.26667166268146,0.300346122915333,4.21737311068445,2.47164820595701e-05,0.00135649570529203
"Clk1",1369.24533441221,-0.460978635203018,0.14047016987568,-3.28168347493988,0.00103189367379209,0.0251221026835052
"Clstn2",129.27508590251,1.21423821392049,0.270546179731985,4.48809964762158,7.18613165631785e-06,0.000520807622583314
"Cnksr2",572.656394713655,-0.580295772451476,0.188937040409804,-3.07137113608225,0.00213078117130927,0.0426177737431786
"Cnnm1",358.389132350625,-0.640842483764468,0.187574955524838,-3.41646080614216,0.000634407953077642,0.0171797125608801
"Cntnap1",793.541962347262,-0.651039545783131,0.151557856292074,-4.2956502665786,1.74182002735829e-05,0.00101576462804736
"Col11a1",664.986899022995,0.626884942663449,0.15852469820618,3.95449384075225,7.66968474994771e-05,0.00333897595120987
"Col12a1",1625.72647272565,0.444927663578133,0.129250296481986,3.44237247951029,0.000576635662339643,0.0158897976580537
"Col1a1",27301.725988254,0.457420960907591,0.113680096163053,4.02375592866765,5.72772772809858e-05,0.00261142728199636
"Col1a2",21929.1685617474,0.381864363051758,0.111716376619593,3.41815922254665,0.000630462129754927,0.017135055809069
"Col4a1",11956.7326352046,0.450903889676009,0.118922597196819,3.79157452245811,0.000149695214738268,0.00548103849423398
"Col4a2",6795.65891311447,0.432096338993648,0.123224222791563,3.50658603645283,0.000453894674332685,0.0133277082594454
"Col5a2",4787.86981491182,0.563395116768586,0.111694577286663,5.04406865986553,4.5573564534516e-07,5.34019955265198e-05
"Col8a1",1164.03052804944,0.725745427967886,0.140666999069564,5.15931549523553,2.47854341541066e-07,3.2711555097283e-05
"Col9a1",117.364790482656,-1.09721894699453,0.285127413865929,-3.84817065506882,0.000119003145707657,0.00461938526589041
"Cpeb1",262.346452064458,1.04339902020889,0.220035758823241,4.74195206174225,2.11668717031042e-06,0.000206855054122767
"Cplx1",2580.13587834366,-0.392396183395994,0.118598547376179,-3.30860868094249,0.000937607862626427,0.0231868390169825
"Cplx2",4025.99426961402,-0.704778422780911,0.118277823372171,-5.95866919670366,2.54300271341974e-09,6.13157077324167e-07
"Crim1",673.812520130166,0.680654218903368,0.151638178556705,4.48867313879556,7.16681629837018e-06,0.000520807622583314
"Csf2rb",193.791918177497,1.06820990505971,0.230183116422802,4.64069616251788,3.47237370806087e-06,0.000296167493548756
"Csf2rb2",153.232420271571,0.9023375478822,0.253504516566034,3.55945353599707,0.000371627273139459,0.0113923294636248
"Cspg4",263.746655107951,0.892642335893789,0.201422841075357,4.43168377095739,9.35000759337741e-06,0.000626900509121743
"Csrp1",1260.44939755138,0.490113577208922,0.156159026431814,3.13855425720734,0.00169783499571564,0.0361416896031965
"Cstb",419.524116880865,0.645287257344737,0.207303056574866,3.11277251771585,0.00185338814282464,0.0384234430319233
"Ctsa",3233.31050942483,0.408145134723907,0.119962577699864,3.40227046258585,0.000668284662734679,0.0178275597901434
"Ctsb",20833.4158782566,0.619174887685217,0.116646516801342,5.30813010678851,1.10755575127024e-07,1.67351963240554e-05
"Ctsc",853.402878122521,0.514857361905062,0.147794572320967,3.48360128399668,0.00049471589270925,0.0141939310361295
"Ctsl",8410.88501784799,0.870485235034041,0.155298450418776,5.60524095821112,2.07965439788552e-08,3.89174728965502e-06
"Ctss",876.613378759238,0.649119167745136,0.174720736118677,3.71518104928445,0.000203058251421579,0.00707206765645488
"Ctsz",2191.65717976482,0.696061826366861,0.156499669690056,4.4476887890268,8.67991622622147e-06,0.000597960382661345
"Cyba",507.085127787883,0.902713617034904,0.213746370899923,4.22329330427583,2.40758170501271e-05,0.00133702233005635
"Cyp26b1",1478.51099961835,0.529368952613239,0.130934988104245,4.04299080236503,5.27736915951717e-05,0.0024732352248405
"Cyp51",2005.88906898218,0.623856115596074,0.121222964809436,5.14635256262527,2.65600033527276e-07,3.46884710454687e-05
"Dab2",1327.57371363572,0.428421387887467,0.130895370396745,3.27300642176203,0.00106410059922514,0.0257065381755006
"Dact1",675.766513919283,-0.661830648261813,0.151647500864997,-4.36427006371178,1.27547927753441e-05,0.000787781240479132
"Dapk1",525.707535045443,0.613293563241716,0.16272313916638,3.76893886378778,0.000163943032902302,0.00594080273563314
"Dgkd",2304.03631633726,-0.560354157775828,0.12407193367484,-4.5163651534953,6.29101462188964e-06,0.000461267493153522
"Dglucy",190.436339045856,0.746703150838211,0.231347681696135,3.22762322649497,0.00124823265123883,0.0288751678620524
"Dhcr24",1375.01456525086,0.606343490319432,0.131664647358303,4.60521106071375,4.12047735345302e-06,0.000324888315137085
"Dhcr7",871.516221639352,0.509562863039511,0.138748333668469,3.67256924509869,0.000240124055441508,0.00813696055979899
"Dio2",167.885078821456,0.825929523931361,0.241860860810794,3.4148953293335,0.000638065260252388,0.0172025362675306
"Disp3",541.977615084938,-0.531776588462605,0.161716737847737,-3.28832126803902,0.00100786756381404,0.0246328333627689
"Dixdc1",1024.6417649701,-0.533549910575512,0.144457514300702,-3.69347287441813,0.000221212116662005,0.00759878772248826
"Dkk3",640.343782531712,0.499697281957597,0.156551363367796,3.1919062932951,0.00141337177684159,0.0316443845322139
"Dlg3",1017.41313143431,-0.455352939910491,0.141906310220293,-3.20882798801271,0.00133277200772818,0.0302722743349563
"Dlgap1",1299.50817184475,-0.42840733974958,0.13255518254427,-3.23191693849091,0.0012296279295219,0.0284973659525797
"Dlgap3",1094.37767493867,-0.523711339375859,0.139596999087998,-3.75159453854539,0.000175713471222052,0.00629455857766309
"Dnm1",2253.04294677159,-0.901109129778456,0.121783456211554,-7.3992737421831,1.36931316999778e-13,7.46454283714442e-11
"Dock1",451.652402651182,0.504787539953105,0.167043512009185,3.02189252298138,0.0025119972102509,0.0488301101118229
"Dock9",755.294191925863,-0.606119541996944,0.167004412149114,-3.62936244735712,0.000284122079708232,0.00922881511756947
"Dok7",86.4020362058357,1.29718023980585,0.335398349061746,3.86758087341402,0.00010992037950709,0.00436133455145534
"Dot1l",1337.2059820968,-0.46549652476147,0.143013222860342,-3.25491947843205,0.00113424519387547,0.0267037143492786
"Dusp5",1090.84475093236,-0.439787813344455,0.137181883396916,-3.20587385487333,0.00134653003686139,0.0305294640183872
"Ebf3",91.1574782309577,1.37918015650249,0.324981074816437,4.24387837747631,2.19689450673537e-05,0.00124636485635512
"Eef1a2",1164.17909763069,-0.649718869130087,0.132236666260201,-4.91330345436599,8.95545044939632e-07,9.9365874101355e-05
"Egfr",575.327662918021,0.586654642742321,0.15911109112181,3.68707573184323,0.000226845862992775,0.00774812899787487
"Egr4",73.7694333547384,-3.69509311136025,0.440108977569781,-8.39585943409748,4.62498680497317e-17,4.46062188928874e-14
"Eln",1486.07552476349,0.482643786727275,0.139102449229553,3.46970013396957,0.000521039724766221,0.0146809147455671
"Emp1",1042.4248166613,0.578301097929769,0.148472285245831,3.89501041876102,9.8194508910839e-05,0.00401799017427157
"En1",72.6871155379081,1.4356980341643,0.362683179006486,3.95854596316591,7.54074308824248e-05,0.00330579849092253
"En2",1450.29371348296,-0.49297626829775,0.128213423973443,-3.8449660965287,0.000120569107242344,0.00466572674877933
"Enc1",580.654299077496,0.852681914067254,0.162810738718914,5.23725843133342,1.62979409233569e-07,2.24553388238516e-05
"Eng",486.095212649115,0.520859659889567,0.164521986483645,3.16589697840382,0.00154605539595589,0.0338297426780016
"Enpp1",1060.6092240911,0.560168814814409,0.132291771987132,4.23434357556942,2.29220271349386e-05,0.00128877298752404
"Eomes",79.5440685567446,-1.13243677066601,0.347287861332899,-3.26080147552435,0.00111097794632412,0.0262819650773808
"Epas1",476.409217839241,1.16234768362454,0.180622315695656,6.43523852048862,1.23279583876593e-10,4.06757742801241e-08
"Epb41l1",3687.63015846142,-0.345640461976677,0.110495767783107,-3.12808778934534,0.00175947619498736,0.0370139472026032
"Epb41l4b",821.732520586112,-0.670154161699623,0.152992077453765,-4.3803193789701,1.18505487564578e-05,0.000746644122153107
"Epn3",84.6720097134249,-1.03623040286706,0.329490976568087,-3.14494318982641,0.00166119084902095,0.0355886212587164
"Eps8",2046.54206783286,-0.475344316475525,0.143109232754306,-3.32154891286161,0.000895192903032705,0.0223139733960717
"Erc1",2448.56636265044,-0.454907568942433,0.115872262625746,-3.92594015715162,8.63916338624909e-05,0.00363482652808024
"Ets2",490.460073976663,-0.712115920869976,0.169757343082166,-4.19490496222775,2.7298602325915e-05,0.00145646755728648
"Etv1",1206.02359169861,-1.05823214852343,0.14153591421052,-7.47677474248281,7.61688076976524e-14,4.54764052815793e-11
"Fabp3",124.740741315569,1.03590604492433,0.3111909952414,3.32884325306634,0.000872074696698882,0.0220798879747466
"Fabp4",88.1303032472849,1.24817787907577,0.342746225797221,3.64169693239518,0.000270846817639487,0.00887064981820168
"Fabp5",2410.69810240898,0.919674267261106,0.166579396192517,5.52093649203909,3.37197646277337e-08,5.88151908506028e-06
"Fads1",2456.329523939,0.439771361768832,0.117290152914267,3.74943122540117,0.000177236093368447,0.00631082008047108
"Fads2",2903.51762838766,0.400418466727863,0.119780068592332,3.34294738209474,0.00082893616170092,0.021424735805266
"Faim2",308.624525227126,-0.873198900475351,0.192557697681362,-4.53473899506365,5.76747619988061e-06,0.000435618172253633
"Fam131a",363.818865626996,-0.88416484608939,0.197949608546737,-4.46661578459568,7.94666617850051e-06,0.000562664435237382
"Fam131b",1098.75140881257,-0.509905724328598,0.140432373265949,-3.6309699285858,0.000282358085876036,0.00919533943042529
"Fam198b",569.656307365364,0.822974704292377,0.169508881928654,4.85505358143278,1.20354196208664e-06,0.000126806799333128
"Fam19a5",758.059141288049,-0.544198617693019,0.147621745937505,-3.68643938084436,0.000227413580412981,0.00774812899787487
"Fam20c",1219.14168611933,0.722396271980651,0.132800066522651,5.43972823882162,5.3361906684051e-08,8.92068781339509e-06
"Fam210b",172.073208867864,0.801395200845952,0.239590715484237,3.34485081872329,0.000823268390973072,0.0213267336488024
"Fasn",3772.94194634599,0.539890991042817,0.114841716815762,4.70117485189594,2.58668895591114e-06,0.000233323065677798
"Fbln1",2922.14751772344,0.437862657869638,0.123852223053933,3.53536373488398,0.000407214207294964,0.0121853263271223
"Fbln2",1499.75524751677,1.20081695878164,0.153099346703597,7.84338395059546,4.38564423054189e-15,3.2124171187696e-12
"Fbn1",4093.50365429712,0.608096855401157,0.115913268740523,5.24613671936392,1.55321659509997e-07,2.1881156931869e-05
"Fbn2",1105.00692398237,0.63663595507527,0.145613202951358,4.37210323083092,1.23055313076822e-05,0.000767595778784671
"Fbxl16",1231.3686047825,-0.538373667621682,0.129748868423559,-4.14935154474092,3.33418436353064e-05,0.00169934973780273
"Fbxo41",564.059235862334,-0.545460326916014,0.163915251238879,-3.32769722642281,0.000875669804404654,0.0220798879747466
"Fbxw7",1433.76863615739,-0.739051852946798,0.129535648617409,-5.70539354096749,1.16074587802724e-08,2.31006854265166e-06
"Fcer1g",305.611356417729,0.73583692862125,0.196927295366773,3.73659185868963,0.000186531325182899,0.00653276467917091
"Fcgr3",399.075655750926,0.791848149155733,0.21995077741687,3.60011525512798,0.000318076159902857,0.0100708052850051
"Fdft1",1193.57143896013,0.942753273226006,0.138440087480335,6.80982864417735,9.77150644963337e-12,3.95210154404849e-09
"Fgf12",322.315563735137,-0.918101902520799,0.192909747397869,-4.75923023540769,1.94332664131367e-06,0.00019649539861928
"Fgf7",119.182083406482,0.954602741104294,0.305470895718079,3.12502027029542,0.00177792807797101,0.0371527704026676
"Fgf9",300.285478788742,-0.655166759402393,0.196520053479251,-3.33384175204068,0.000856553747600305,0.0218726494651988
"Fibcd1",124.441390585614,0.964720311018424,0.281508950202743,3.42696141747405,0.000610375788282461,0.0166729665217549
"Flna",7580.38832496948,0.380671038185466,0.105781795972174,3.59864412101304,0.000319880566071278,0.0100770415512605
"Flnb",2173.09102532922,0.631537170499276,0.127160583975008,4.96645383937054,6.81882743032336e-07,7.63343377869592e-05
"Flnc",1359.2212547159,0.58174797505577,0.127493406350548,4.56296518940148,5.04361797754538e-06,0.000383253831530085
"Flt1",105.761649703072,1.32609300125332,0.301767964171043,4.39441278962827,1.1107258213895e-05,0.000710054482994105
"Fn1",21921.6210289232,0.805220998110868,0.103147538120278,7.80649749654634,5.87991374747702e-15,3.88012413504563e-12
"Fnbp1",3052.34501179595,-0.517191166823072,0.119360531722679,-4.33301661243188,1.47080006851575e-05,0.000890864312031421
"Fnip2",645.733618514268,0.546313762872298,0.150856962267038,3.62140238450013,0.000293010364121177,0.00944412325283115
"Fos",303.275590909862,0.923559423034907,0.195009307200819,4.7359761248925,2.18003253128985e-06,0.000207363320549348
"Frrs1",210.172974847656,0.949479288239607,0.22077661271809,4.30063346180602,1.70310562258826e-05,0.000997828892336991
"Frrs1l",2109.01882867454,-0.592147066034935,0.128587896099457,-4.60499847961533,4.12468874256019e-06,0.000324888315137085
"Fstl1",8790.65410235693,0.406953754520963,0.106621030246955,3.81682444428063,0.000135180281834132,0.00508180421739229
"Fstl4",200.912954560475,-1.10914551445229,0.248362406724535,-4.46583494289645,7.97570844827671e-06,0.000562664435237382
"Fuca2",394.667435283195,0.665104773420347,0.175435579861624,3.79116239673249,0.000149943866926324,0.00548103849423398
"Gaa",1521.3478059173,0.486127885816156,0.124058856962593,3.91852623600053,8.90920333335008e-05,0.00373590606667369
"Gabbr2",1744.2965323498,-0.401602163703888,0.120817501354396,-3.32403963996791,0.000887235837354275,0.0222294521881493
"Gabra1",871.029720353315,-0.771445665875672,0.145334170247193,-5.30808181285621,1.10784917442702e-07,1.67351963240554e-05
"Gabra6",810.695659728323,-1.42093713392491,0.153205521625511,-9.27471228744739,1.780990535616e-20,3.72167655592557e-17
"Gabrb2",998.923986539043,-0.524853991188306,0.157518848083486,-3.33200755067818,0.000862219168213784,0.0219725689655781
"Gabrb3",1651.98236236014,-0.413312524791243,0.134631423246881,-3.06995584554824,0.00214090419423482,0.0427418236225467
"Gabrd",447.698205754654,-1.2486954529185,0.174546194608805,-7.15395403329815,8.43133095636624e-13,4.2284811012368e-10
"Gabrg2",832.119068059428,-0.621487552808764,0.160422604998963,-3.8740647105985,0.000107034971337375,0.00428301733012538
"Galnt15",522.140447725916,-0.776388085680953,0.166679549483088,-4.65796846756973,3.19345110739517e-06,0.000276134413686349
"Galr1",115.949453488003,1.50430820177693,0.338344236144013,4.44608786282569,8.74481934359919e-06,0.000599139589781676
"Gas6",2257.81398452096,0.429491074660146,0.140075263027985,3.06614505213773,0.00216838092933535,0.0431220524221614
"Gdf10",114.103738432151,0.936133849800546,0.302860301385607,3.09097575851859,0.00199499920510869,0.0407382736704442
"Gdpd5",329.082291131161,0.575025153684044,0.18721523425848,3.07146560995208,0.00213010700164613,0.0426177737431786
"Ggta1",278.151207024049,0.661664478825833,0.198337942543559,3.33604589389405,0.000849791339360549,0.021744252679393
"Gla",361.06007283605,0.565834897252856,0.18364634957991,3.08111159599524,0.00206229339732939,0.0417722691691694
"Gns",3119.04578708571,0.437854590668734,0.1133232928268,3.86376516024767,0.00011165256869197,0.00437468720706225
"Gpc4",542.286319964071,0.657480019051459,0.163075997560809,4.03173997943071,5.53654232566652e-05,0.00253865027414134
"Gpd1",312.300941208489,0.68902594235803,0.213091719044188,3.23347122754755,0.00122295654373046,0.0284728631482386
"Gpm6a",14223.1705658949,-0.508192099595807,0.115055231495301,-4.41694039454923,1.00107821045388e-05,0.000653724927222436
"Gpnmb",7348.67548432263,1.1272710311473,0.110391802723152,10.2115465400484,1.76036324963241e-24,5.5178586059728e-21
"Gpr158",1268.03237487199,-0.603752187433614,0.128565530476495,-4.69606577436394,2.65220169221544e-06,0.000237523605835695
"Gprc5b",1227.49170518004,-0.738447801891792,0.173613709302336,-4.25339568435714,2.10553045706362e-05,0.00119996094866653
"Gprin1",1432.04276053834,-0.475815912080733,0.125156510853456,-3.80176715407048,0.000143667714712426,0.00529795825607174
"Gpx3",143.321525167921,0.883082710606355,0.274297952684076,3.21942873421097,0.00128446283527187,0.0295497156488783
"Grik3",528.28995245719,0.600696593210946,0.17974895808547,3.34186411765079,0.000832177886199119,0.021424735805266
"Grin2a",384.334745790942,-0.850221836877919,0.219490774889222,-3.87361080349291,0.000107234617602555,0.00428301733012538
"Grm4",2309.16278623508,-0.593548125874022,0.117373964729295,-5.05689764542716,4.26131797999251e-07,5.0404155502968e-05
"Grn",4350.74620198517,0.363689528332237,0.112487289442358,3.23316109877999,0.00122428501594384,0.0284728631482386
"Gsn",1264.20808100111,0.522017589852932,0.139463703491635,3.7430354764976,0.000181810548148,0.00640320408056076
"Gusb",1162.00222668594,0.593150870098217,0.131313364164761,4.51706400084292,6.27029582466098e-06,0.000461267493153522
"Gxylt2",1265.16675991498,0.525803357420826,0.128151278409632,4.10298956004253,4.07845659931088e-05,0.00200532113106509
"H3f3a",7796.5567512882,-0.432808387101903,0.115494271273287,-3.74744463366305,0.000178645252396728,0.00632727167952028
"Hap1",641.50563170992,-0.667716716428478,0.1512226062397,-4.41545568504547,1.00797428526085e-05,0.00065481769889122
"Havcr2",161.299360511769,0.778133807476663,0.24912829500444,3.12342605428579,0.00178758776989282,0.0372924716454512
"Heg1",980.689795667587,0.464446859780018,0.13847932141285,3.35390768124403,0.000796789418409915,0.0209877011092931
"Hexa",2042.58283414261,0.516768077608271,0.135125219954237,3.82436437685938,0.00013110989292788,0.00496633183543735
"Hexb",2448.05060769913,0.553820922143854,0.119431337783624,4.63714911363734,3.53247577891691e-06,0.000299257981865272
"Hk3",312.923955646142,0.892325161461767,0.216223000844016,4.1268743749676,3.67727140796881e-05,0.00185163168325755
"Hmcn1",269.063356319722,0.783270960862166,0.204500088138955,3.83017419694188,0.000128052576254036,0.00488000972970549
"Hmga2",197.110186117908,1.03828158062462,0.262075102024362,3.96177115874253,7.43958281181107e-05,0.00328441863712983
"Hmgcr",1742.48794720509,0.615118168867885,0.122018008130532,5.04120808307121,4.6260211394708e-07,5.37046787469304e-05
"Hmgcs1",5066.26952752748,0.631371214514673,0.132893416352544,4.75095931644762,2.02453866095334e-06,0.000199871383708921
"Hmox1",1342.92765579766,0.840106496926946,0.158669615437627,5.29469044599273,1.19218186717209e-07,1.75853838242396e-05
"Homer2",1209.15787295049,0.489182556203721,0.153282891276475,3.19137088379542,0.00141599384188341,0.0316465789474764
"Hpgd",234.647201572751,1.5121723136984,0.265504118438815,5.69547592176757,1.23028248217188e-08,2.37312027099554e-06
"Hpse",163.588355027935,1.00747367868417,0.264566244939391,3.80802047863276,0.000140083674695286,0.00519635832346006
"Hrk",613.528396056339,0.89728538785249,0.16776833125414,5.34835973598176,8.87549205265498e-08,1.40861923235681e-05
"Hs3st1",267.599676639164,-0.897210529323164,0.224538319675198,-3.99580138758057,6.44757726920987e-05,0.00291840158127629
"Hs3st4",93.2310151507237,1.28748985897819,0.352838182467124,3.64895275782165,0.000263311515552931,0.00875702859947652
"Hsd17b7",344.949465727014,0.675350182887411,0.190622573442646,3.54286573038323,0.000395804169693696,0.0119580546496857
"Hspg2",3304.08219162682,0.485469676002907,0.118228015220553,4.1062152240082,4.02194762886571e-05,0.00199316914508768
"Icam1",644.389028813431,0.533906655947643,0.154751356395097,3.45009354609159,0.000560392330661153,0.0155103731607716
"Idh1",1146.00684595829,0.482770988275542,0.139262080668956,3.46663633026675,0.000527014401425273,0.0147823413088816
"Idi1",456.471711377174,0.882345696920355,0.210018025294729,4.20128555957098,2.65403568230479e-05,0.00144053244089773
"Igf1",800.035070193899,0.580521190429522,0.144004888681784,4.0312602977829,5.54785591892429e-05,0.00253865027414134
"Igf2",178.756030217186,1.1443131634081,0.248691221327141,4.60134120256223,4.1977912786894e-06,0.000324888315137085
"Igf2bp2",281.088152739604,0.916373199576584,0.195905287680284,4.67763382207478,2.90204180376154e-06,0.000256238029123678
"Igf2r",1814.47864132012,0.472494544854968,0.123871430541419,3.81439483494928,0.000136517055870293,0.00510940551194549
"Igfbp7",1654.14790558665,0.634654125792172,0.134308721662429,4.72533814585258,2.29732752447524e-06,0.000213248056680333
"Igsf6",79.141684784972,1.25729351603079,0.367870844248926,3.41775798676784,0.00063139223032301,0.017135055809069
"Igsf9b",2384.2748432212,-0.471504873804188,0.130460639712658,-3.61415423719129,0.000301329649229521,0.00961341257516472
"Il16",1819.87221133909,-0.387476823115657,0.125454249550748,-3.08859065757606,0.00201108324168575,0.0409999376979772
"Il1rn",146.23797849797,1.28698553547829,0.288475379535177,4.46133579077709,8.14503463668872e-06,0.000570516448462588
"Il6st",4043.29359736937,0.362873314997371,0.10951959401874,3.31331866456041,0.000921958701026305,0.0228817116744387
"Inhba",191.798130415109,0.885939631647046,0.229670084282277,3.85744462286249,0.000114578627029464,0.0044753483666524
"Insig1",1520.55047130875,0.752001135556034,0.124001870789611,6.06443379255078,1.32419311892638e-09,3.3205466650198e-07
"Ipcef1",235.043837803185,-1.40000056675626,0.228377570478676,-6.13020168233631,8.77677411176462e-10,2.37995131837257e-07
"Iqgap1",1740.00053581677,0.439147145955027,0.126975542945072,3.45851756778859,0.0005431568487471,0.0151298633642179
"Islr2",324.882649716662,-0.762325524975084,0.194159553027479,-3.92628388914346,8.62683304053304e-05,0.00363482652808024
"Itga11",203.636634172095,0.954351956692396,0.231648261592387,4.11983215471607,3.79148491916224e-05,0.00190150551665825
"Itga5",855.016842341718,0.534330474760033,0.13907890795586,3.8419231399891,0.000122074066101511,0.00468062581278516
"Itgax",313.029190657395,1.06637343298945,0.20353169177019,5.23934834774285,1.61144606660058e-07,2.24492342033756e-05
"Itgb1",7436.27538751561,0.494527384192774,0.106059069290661,4.66275432643569,3.12005137401537e-06,0.000271661139773644
"Itgb2",603.531291650534,0.709357706612219,0.15402718253849,4.605405973942,4.11661959939218e-06,0.000324888315137085
"Itgb3",127.790010047982,1.13181014519136,0.278307423930815,4.06676232062254,4.76708188591377e-05,0.00225545934662592
"Itpkb",623.230245625663,0.546499040485956,0.160671559329861,3.4013427315035,0.000670556995317657,0.0178501987415983
"Itpripl2",576.855494703815,0.591395808501268,0.154383539427861,3.83069212360954,0.000127783313241016,0.00488000972970549
"Itsn2",394.854488364551,0.582496679346928,0.178311874218203,3.26672961013307,0.00108797540055308,0.0259903816069455
"Jag1",480.599464289004,0.622251019108484,0.174032083835864,3.57549599702175,0.000349564524834274,0.0108218271910423
"Jarid2",1623.95729471831,-0.557503907745272,0.127803037173195,-4.36221172889466,1.28754174840386e-05,0.000791333256935669
"Jph3",916.139978469801,-0.672187971024424,0.137432252744561,-4.89104964519347,1.00299660288006e-06,0.000109352794842697
"Kcna1",469.979898107192,-0.755089825711275,0.168771895226088,-4.47402587201947,7.67604479884722e-06,0.000553116377516934
"Kcnc1",3381.23495603619,-0.759437523604371,0.124761930568089,-6.08709339576874,1.14978905190558e-09,3.00334481933171e-07
"Kcnc3",1254.68415927609,-0.589577886757606,0.142248463085755,-4.14470479306464,3.40251756628395e-05,0.00172715648769507
"Kcnc4",118.703177533888,-0.938422516865737,0.279866072910936,-3.35311281966063,0.000799081273121993,0.0210039434012653
"Kcnd2",1604.55640900113,-0.572719972955332,0.144923247047196,-3.95188477090095,7.7538076812084e-05,0.00336223086717778
"Kcnj3",1049.01158803677,-0.417826293583774,0.13861694453663,-3.01425121568282,0.0025761439617525,0.0497655702767453
"Kcnk1",1201.28284672113,-0.442110868496368,0.129486019696484,-3.41435214035213,0.000639338848673356,0.0172025362675306
"Kcnk12",423.98382771994,-0.808661747872047,0.183746367054841,-4.40096727262474,1.07769380190156e-05,0.000696501282899057
"Kcnk3",581.079348147783,-0.9529208179223,0.154299652196463,-6.1757807250854,6.58373099514648e-10,1.96540045755111e-07
"Kcnn2",147.79253364967,-0.936369111351384,0.296010612642623,-3.16329574467614,0.00155993773202035,0.034014781363602
"Kcnq3",374.061216137833,-0.929106473433577,0.205428126745475,-4.52278121868257,6.10323169251718e-06,0.00045279478675018
"Khnyn",822.608721428584,-0.504391433031117,0.146987607960016,-3.43152351433818,0.0006002010941665,0.0164308325734925
"Kif26a",86.1782889639128,1.43895976873214,0.355950527500486,4.04258361080859,5.28654522457533e-05,0.0024732352248405
"Kifc2",784.569730210532,-0.481818917075047,0.150736990565896,-3.19642123188347,0.00139143812093186,0.0312649662369958
"Kirrel3",982.508258083597,-0.822542068782527,0.138544748246245,-5.93701370275377,2.90260416187458e-09,6.86657565690253e-07
"Klf13",1542.77329800945,-0.873088059523145,0.144421087795439,-6.045433342531,1.49008948158579e-09,3.66328272943581e-07
"Klf9",2623.70214981032,-0.423818290615596,0.122766048040966,-3.45224349385402,0.000555945785188907,0.0154213456962357
"Lamc1",3670.61851093033,0.351066793028378,0.111994134557641,3.13468910148763,0.0017203633255122,0.0364973187398849
"Lamp1",7152.62136950499,0.352443457991734,0.108702780106328,3.24226719543871,0.00118582787527083,0.0277386378734062
"Laptm5",1323.32987453053,0.611608297335675,0.129182490020808,4.73445199296872,2.1964775103206e-06,0.000207363320549348
"Lbh",618.636191146286,0.546001116429315,0.180568829024818,3.02378389104063,0.00249634690949421,0.0486012384336
"Lcn2",930.973328981189,0.531075801861939,0.141543338118671,3.75203671837019,0.000175403766163466,0.00629455857766309
"Lcp1",923.729032488145,0.70561423278556,0.147132171363992,4.79578481201052,1.6203915756452e-06,0.000166528439142947
"Ldha",4035.58718269468,0.391602843903764,0.122605350904672,3.19401103633921,0.00140310753184721,0.0314707732277286
"Ldlr",800.245481044143,0.682409369443917,0.148894515194826,4.58317331938653,4.57972132464725e-06,0.00035227328814986
"Lgals3",1098.52130467304,1.09381557101896,0.174619911045306,6.26397966000089,3.75274446623263e-10,1.14760756384451e-07
"Lgmn",3232.3602131293,0.467077538653685,0.118261446619554,3.94953344479429,7.83036699007745e-05,0.00336223086717778
"Lgr5",377.849207895871,-0.599873214894762,0.183855728884775,-3.26273877095617,0.00110341178265345,0.0261801622300125
"Lilr4b",586.723728006031,0.60381799732784,0.158213722016823,3.81647046558727,0.00013537427090517,0.00508180421739229
"Lin7a",668.961792064073,-0.636284193246401,0.164620764585271,-3.86515148832767,0.000111020271304173,0.00437468720706225
"Lipa",1383.8176067638,0.417931108382862,0.12788822952107,3.26794037221389,0.00108333186743073,0.0259903816069455
"Litaf",931.619056750825,0.537819855109399,0.141083858277465,3.81205803183866,0.000137814508587944,0.00514261401391561
"Lmcd1",96.1393305315746,1.31744254566837,0.323386482095473,4.0738949171024,4.62333487161204e-05,0.00222097213104489
"Lox",7715.67579222067,0.959682161861139,0.109341650034768,8.77691311184697,1.68022711131045e-18,2.63333594020131e-15
"Loxl1",1020.40732709807,0.607024822458475,0.143071947208847,4.24279416266265,2.20753896755268e-05,0.0012467623232061
"Loxl2",2225.0932171481,0.505841700714812,0.134423567895572,3.76304325672845,0.000167858153733257,0.00604771704456201
"Lpl",2738.50504438474,0.96059276794348,0.12891625595735,7.45129278545974,9.24299791545434e-14,5.2676685392712e-11
"Lpp",1000.6603589914,0.655670892475179,0.141107085278793,4.64661920540513,3.3741918710205e-06,0.000289764504649692
"Lrp1",8901.8929156447,0.35754846103649,0.115094666730001,3.10655976679838,0.00189278042414437,0.038979550017113
"Lrp8",3157.95121434398,-0.510329744840514,0.131978306005482,-3.86676992822834,0.00011028638267236,0.00436205257396231
"Lrpap1",1832.29964807955,0.434177853871933,0.130664457452318,3.32284587819433,0.000891041302051147,0.0222547327591978
"Lrrc32",962.568943691402,0.518738839136003,0.142414025471236,3.64247016696241,0.000270034281499249,0.00887064981820168
"Lrrc3b",225.64810672282,-0.80530250328239,0.219583561426746,-3.66740797011365,0.000245021694259685,0.00825828495330089
"Lrrn2",913.288488308176,-0.421430156764947,0.137457519232415,-3.06589380572471,0.00217020378675896,0.0431220524221614
"Lss",624.092005353571,0.62724184250264,0.18024864700386,3.47986990709121,0.000501657312325744,0.014310826877028
"Ltbp2",529.931978489066,1.16107888486102,0.188811970607303,6.14939233527658,7.7780362914661e-10,2.21638679596368e-07
"Lurap1",690.331341637069,-0.80292260674964,0.157722825258201,-5.09071914883095,3.56708038751742e-07,4.39752341136796e-05
"Ly9",128.206118154192,0.977343970059075,0.293443520076683,3.33060334678262,0.000866579888641311,0.0220389019143707
"Lyz2",8381.35385257383,0.765457559062669,0.16517067772851,4.63434290873861,3.58073024520167e-06,0.000301310039022406
"Lzts1",441.985087144799,-0.739136621679293,0.176888906545346,-4.17853576074775,2.93391869981102e-05,0.00154815083816565
"Mab21l1",666.045023777551,-0.470347899234024,0.147774897462032,-3.18286736997988,0.00145824394612713,0.0323029374497208
"Madd",1649.86030295084,-0.573142249533992,0.124414652586521,-4.60671020349001,4.09089500378982e-06,0.000324888315137085
"Maml3",337.087068824768,-0.776674263474563,0.188712142061242,-4.11565601975157,3.86079731013188e-05,0.00192855285555512
"Man2b2",793.370077431982,0.543099331834993,0.147182166579876,3.68998054896993,0.000224271199420802,0.00768282048726235
"Map2k6",216.619144163379,0.783888622059689,0.216686204111935,3.61762127530164,0.000297323027198805,0.00953883566459824
"Map3k5",263.294088371954,-0.654840398880467,0.202067152372644,-3.24070682043778,0.00119233743651737,0.0278389697933981
"Mapre3",796.18636456381,-0.473377546226208,0.141727112147757,-3.34006344341999,0.000837592529334178,0.0215199490426064
"Mbnl2",2825.42101988807,-0.640966850844147,0.135200936708911,-4.74084622818964,2.12827420496387e-06,0.000206855054122767
"Mctp1",176.567387494723,-0.962443615943292,0.28213179685344,-3.41132629032685,0.00064647678914552,0.0173565866858812
"Mertk",223.917529606839,0.92311925449831,0.226705642146515,4.0718847830956,4.66342468457326e-05,0.00223168010286945
"Metrnl",166.62978178247,0.811362560708882,0.245452685134459,3.30557622649114,0.000947813189500836,0.0233930743503179
"Mfge8",1023.08165849574,0.542315859591323,0.139278274103694,3.89375775282483,9.87032201049326e-05,0.00401799017427157
"Mfsd1",1140.01273955003,0.430005260653505,0.130416014672955,3.29718142155956,0.000976603963183334,0.0239621536015512
"Mgp",149.269656112062,0.900932764235804,0.268851426148248,3.35104327748301,0.000805077194956256,0.0211141767787339
"Mir124a-1hg",1568.76803917761,-0.49103397172889,0.159696267561482,-3.07479930011416,0.00210644249914384,0.0424607332062145
"Mmp12",2859.12503343273,1.45067349566922,0.115640763011137,12.5446551708544,4.2526147511579e-36,5.33192837500177e-32
"Mmp13",211.453678861761,1.39196723640526,0.236911930891274,5.87546279821625,4.2166365628938e-09,9.61239804101137e-07
"Mmp14",2593.73279748625,0.432058597753593,0.120201160191445,3.59446279108664,0.000325061594629366,0.0101890556836575
"Mmp2",1906.38340402491,0.438962105583104,0.123321710682579,3.55948764539083,0.000371579012258857,0.0113923294636248
"Mmp3",280.170589652852,0.738381206452923,0.196920774755563,3.7496358998662,0.00017709150603308,0.00631082008047108
"Mpeg1",2596.64437888471,0.492687783817487,0.120592521232917,4.08555836448508,4.39709454005703e-05,0.00214516620012588
"Mrc1",1534.32231139981,0.611669112898093,0.144840048431139,4.22306619973892,2.41000994251662e-05,0.00133702233005635
"Mrc2",1513.40834829879,0.469494889605542,0.133373933155829,3.52013979416054,0.000431319403507367,0.012754440285791
"Mroh1",907.702095417123,0.43755423692281,0.13795569135805,3.17170123693688,0.00151548828567916,0.0332770440032316
"Ms4a6d",404.757545128516,0.619009733555919,0.172116387944204,3.59646016831696,0.000322576951055787,0.0101365158203946
"Msmo1",1241.64972188969,0.712844378233039,0.131906637965304,5.40415849595487,6.51133504443765e-08,1.06024829593713e-05
"Msn",2464.25422180835,0.41436939902901,0.118649035849577,3.49239583838124,0.000478708260216082,0.0138295948538923
"Msr1",979.884965920732,0.865562342434241,0.140399976433344,6.16497498377553,7.04942841111872e-10,2.05548217252573e-07
"Msrb3",390.896025149979,0.557055127661146,0.18405114233521,3.02663227510204,0.0024729459612067,0.0482956331177719
"Mt1",1801.69407077487,0.53552659271844,0.157402625229062,3.40227230606294,0.000668280154560888,0.0178275597901434
"Mtcl1",1420.10516479656,-0.387065604798721,0.128470815078943,-3.01286797753153,0.00258791475231239,0.0498422045537523
"Mtus1",1073.24968145587,-0.672909988356697,0.132230679420377,-5.08890970920172,3.60128017517924e-07,4.39752341136796e-05
"Mvd",365.210479477504,0.740466046571842,0.182994860386798,4.04637619333521,5.20166155975159e-05,0.00245182077579569
"Mybpc3",315.792428988277,-0.997515220575856,0.188882504827318,-5.28114142433581,1.28381541013685e-07,1.85016984049378e-05
"Mybph",367.005995202454,-0.585124124665074,0.185867528119986,-3.148070728564,0.00164351921279537,0.035345529828522
"Mycn",177.564428018354,0.958356457820919,0.258700793770822,3.70449755430557,0.000211810151464702,0.00731591096161001
"Myh9",4099.03056319362,0.535807797326785,0.123929919410242,4.32347410436952,1.53591173908847e-05,0.000921400066253171
"Myl9",751.245893161355,0.68380327106034,0.187595413086688,3.64509589978277,0.000267292110114384,0.00884250257681833
"Mylip",230.943316025716,0.76271006148898,0.218554633270271,3.48979131705614,0.00048339786734103,0.0139010148181694
"Myo1c",808.070047657083,0.442794408773289,0.140642512286329,3.14836816816683,0.00164184761986662,0.035345529828522
"Myo1e",499.526882742689,0.587035301330117,0.165845291237049,3.53965612741483,0.000400648706509155,0.0120463632666949
"Myof",917.301627924743,0.615492819211709,0.141925885140008,4.33671996200363,1.44624691140884e-05,0.000880244843458446
"Naglu",579.419885129216,0.48408055173143,0.155047613063501,3.12214127110212,0.00179540762168301,0.0373933899678764
"Nap1l3",550.942496978337,-0.536770618474824,0.176581461412751,-3.03979032782014,0.00236742900867101,0.0466711083501842
"Napb",2090.25197616896,-0.668474114850699,0.121663764037254,-5.49443887537466,3.91954650443495e-08,6.73195535241169e-06
"Nbr1",2064.9495025435,0.511662506195265,0.13081091667914,3.91146640651024,9.17374179875029e-05,0.003808621677905
"Nceh1",616.173016066236,0.489860789214872,0.154295832979273,3.17481541630925,0.0014993184249414,0.0330377054690955
"Nckap1l",568.618770717005,0.556221121199881,0.162384385717325,3.4253362399519,0.000614038977958538,0.0167365667514003
"Ndrg1",664.806762265502,0.946390325220629,0.184478556942623,5.13008308881655,2.89614314732313e-07,3.6678629071856e-05
"Ndrg3",5714.43845259255,-0.521739872363218,0.116719202632234,-4.47004315140114,7.82038176135209e-06,0.000560296837279043
"Neb",124.516401581088,-1.08998577230818,0.297824919903892,-3.65982058405295,0.000252391903352738,0.00843863915796434
"Necab3",510.173136215226,-1.13296060508058,0.179263073195234,-6.32010031339072,2.61393564545905e-10,8.19338128069139e-08
"Nedd4l",1390.08990061166,-0.480643641056223,0.145472945972076,-3.30400706361226,0.000953134306878187,0.02347818848652
"Nefl",1020.47816193373,-0.542698963899298,0.134492462502647,-4.03516266860395,5.45644813514001e-05,0.00252446297853821
"Neurod1",5330.07688606123,-0.575914184629823,0.134253247270462,-4.28975981094599,1.78866456381292e-05,0.00103346895396711
"Nhsl2",880.319670433841,-0.546858565299095,0.142327928727462,-3.84224354410617,0.000121914773169562,0.00468062581278516
"Npc2",2211.43719259219,0.496953837707971,0.157680705072362,3.15164647113869,0.00162352711775301,0.0351567927502371
"Npr3",386.637635787611,0.825925568539534,0.17663811375007,4.67580609306188,2.92801179139183e-06,0.000256723159723572
"Nptx1",1830.89161772285,-1.11734478444638,0.127665317797602,-8.75214039115774,2.09343740957483e-18,2.91639091569435e-15
"Nptxr",2033.60058997131,-0.665027805732278,0.119237013933845,-5.57736045034849,2.44195539115245e-08,4.43728068032889e-06
"Nr1d1",1430.14620292613,-0.416340527070587,0.128167699019766,-3.24840447518979,0.00116054169148712,0.0272488234604222
"Nrep",17406.5247565348,-0.409460673466283,0.103404307147973,-3.95980288210179,7.50116532361323e-05,0.00329998634482325
"Nrk",170.040931901434,0.863874899825554,0.24348499913356,3.54795943446063,0.000388228009299838,0.0117574946391337
"Nrp1",913.599982486788,0.45512921064997,0.141431972091287,3.21800795053758,0.00129084239720125,0.0296420915313357
"Nrp2",1075.94838000932,0.490490677743334,0.135671110566916,3.61529197847477,0.000300009297753749,0.00959570554907271
"Nrxn3",1152.69296267288,-0.651984702427916,0.139317798147658,-4.6798378318964,2.87101916217014e-06,0.000255296725214817
"Nsdhl",508.733294925296,0.712530047654181,0.165003480359423,4.31827283947038,1.57254959775959e-05,0.000938886993176657
"Nsf",1997.48630627118,-0.476632316891316,0.118232278355644,-4.03132142525074,5.54641297249966e-05,0.00253865027414134
"Numbl",1470.80726327227,-0.574998181150386,0.129031482309353,-4.45626269542366,8.34008255466439e-06,0.000580933083724345
"Olfm1",4637.07539590496,-0.498159303858705,0.113386793718429,-4.39345083780899,1.11565427619907e-05,0.000710054482994105
"Olfm3",211.529337383454,-0.952632188768878,0.220822561508281,-4.31401656724806,1.60314924806744e-05,0.000952620155083867
"Osmr",1056.34436229431,0.51578864810195,0.141664922368493,3.64090587478177,0.000271680453835496,0.00887064981820168
"P4ha2",331.686795133583,0.729481435238458,0.187326653103718,3.89416787815327,9.85363937278356e-05,0.00401799017427157
"Padi2",341.064530462065,1.49529066550143,0.190797189414096,7.83706861769402,4.61186059481997e-15,3.2124171187696e-12
"Pak1",2489.38217018343,-0.546475138921568,0.125107793376833,-4.36803434999088,1.25369778797492e-05,0.000778161528001465
"Pan3",1027.9952639708,-0.467872080901172,0.142564689292686,-3.28182303221402,0.00103138312469378,0.0251221026835052
"Pappa",143.266251586824,1.19467649228928,0.283074864248483,4.22035525994491,2.43917624104559e-05,0.00134724192556077
"Pcbp4",2064.67112440107,-0.510070933001474,0.151447217627604,-3.36797823685143,0.00075721573134652,0.020071819956919
"Pcdh19",158.218661440617,0.86129542816154,0.254957334921006,3.37819434937377,0.000729634938533143,0.0193817009731537
"Pcsk2",618.94781891837,-0.902338131192757,0.156551771242419,-5.76383214339681,8.2225196218142e-09,1.77748191410873e-06
"Pcsk2os1",104.502033677233,-0.934102939840722,0.304318671207105,-3.06948941428906,0.00214425004455111,0.0427418236225467
"Pcsk2os2",140.025486605051,-0.970516804612832,0.279712711114974,-3.46969145858341,0.000521056553021007,0.0146809147455671
"Pde4a",214.772735115772,-0.79031249750559,0.215544467692219,-3.66658678818003,0.000245809517753111,0.00826262663160456
"Pdgfrb",1201.59473695161,0.629850846950339,0.13337352738065,4.72245774195307,2.33011515115693e-06,0.000213248056680333
"Pdlim1",231.203705094122,0.731179983742611,0.223667010368648,3.26905600668368,0.00107906940300987,0.0259903816069455
"Peg3",2672.76130401761,-0.466011599052465,0.119610909990482,-3.89606265088649,9.77691083786666e-05,0.00401799017427157
"Perp",330.420939866384,0.667820942146844,0.21515948395212,3.10384153131478,0.00191025617058691,0.039263593224293
"Pfkfb3",558.179292665557,0.66757370579745,0.158311613478021,4.21683344090315,2.47756832438885e-05,0.00135649570529203
"Phldb2",1051.79663559414,0.595274650857244,0.134043585483609,4.44090367106775,8.9581891475816e-06,0.000607123110985828
"Phlpp1",787.457978069913,-0.477805150921213,0.149412692383272,-3.1978886351606,0.00138437731443383,0.0311621593687098
"Phyhip",1694.24021428188,-0.642927527811637,0.125396971636789,-5.12713759686215,2.94180518518182e-07,3.68843534118096e-05
"Piezo1",1123.94043384125,0.623447876682101,0.134950692982263,4.61981974975142,3.84073561938214e-06,0.000316810152604035
"Pik3r3",2455.97876402472,-0.439184251560614,0.118297733054878,-3.71253311639436,0.000205195201770283,0.00710700950219836
"Pla1a",67.9876562740914,1.42048092529535,0.40837695648795,3.47835719603652,0.000504497166984079,0.014310826877028
"Plau",1101.10480575296,0.976184633303146,0.142425193608885,6.85401654417867,7.18047720284243e-12,3.00096077230795e-09
"Plaur",185.099064879344,0.874773480048063,0.261302715097404,3.34773972678386,0.000814734887138119,0.0211932489936468
"Pld3",1478.43915554514,0.580798150274132,0.134796738295622,4.30869587512116,1.64219999560785e-05,0.000966662138259684
"Plec",1944.76483067853,0.444159093183361,0.121987848915669,3.64101094601981,0.000271569588814259,0.00887064981820168
"Plek",1104.44842867757,0.584276805845635,0.133252085223272,4.38474793746488,1.16120157755793e-05,0.000735310372698045
"Plin2",1004.54689674832,0.807648743340845,0.141703730005297,5.69955881408806,1.20117879699889e-08,2.35318433699564e-06
"Plod2",1040.01172550129,0.517976692428606,0.132675557743881,3.90408528320278,9.45824267030266e-05,0.00390090284869259
"Plxnd1",1186.41626534596,0.508700232195174,0.138769052536032,3.66580460771747,0.000246562133107785,0.00826576477247436
"Pmaip1",176.759705069503,1.10757150797284,0.250636185303801,4.41904071684753,9.91399699625782e-06,0.000653724927222436
"Pmepa1",1088.30230638465,0.642272738485847,0.140392300688568,4.57484303153204,4.76577161483212e-06,0.000364349051870519
"Pnmal2",2390.63789164816,-0.499452638357423,0.118936340416371,-4.1993274436471,2.67708951804147e-05,0.00144057289172549
"Porcn",698.247421623052,-0.478755977133472,0.145968587674508,-3.27985619893123,0.00103860010039563,0.0252363722069
"Ppfia4",575.98678438214,-0.793100225300939,0.191008012750213,-4.15218300992482,3.29318734485702e-05,0.00168530542570683
"Ppp2r2c",3922.55340677931,-0.460065952879589,0.110557968459949,-4.16130975711853,3.16427538162433e-05,0.00164429096262966
"Ppp3ca",6224.46213438685,-0.724296886543643,0.113930974052862,-6.35733076597398,2.05289639250204e-10,6.59979871004886e-08
"Prdm8",1467.9309400175,0.524827213791122,0.159129234156538,3.2981193969352,0.00097334736354525,0.0239290769492752
"Pros1",1016.82495345805,0.448606770983256,0.137834301379402,3.25468164668548,0.00113519538588016,0.0267037143492786
"Prss23",1022.33117589821,0.42185345616796,0.136607750610094,3.0880638491151,0.0020146518052969,0.0410060135305399
"Prss23os",662.667299700237,0.518841446656102,0.150013549440514,3.45863056098038,0.000542929058731591,0.0151298633642179
"Psap",17797.591881605,0.347828091474836,0.106129269099571,3.27740023488245,0.00104767746815552,0.0254076984443596
"Ptafr",115.084487503248,0.869451744864529,0.28719664654947,3.02737429322582,0.0024668829409877,0.0482523842653725
"Ptgs2",190.756095810155,0.798080243864269,0.239175810982595,3.33679330106816,0.000847509524463683,0.0217302135331813
"Ptpn3",270.052446222469,-0.710124072713743,0.227063450490589,-3.1274257093313,0.00176344380571629,0.0370352737622626
"Ptx3",255.047375197343,1.44342485812593,0.222076866435991,6.49966329807688,8.04999775043966e-11,2.80363532763923e-08
"Purb",9430.62965013105,-0.441950996685581,0.123217659166667,-3.58675046802982,0.000334824449471503,0.0104428580782928
"Qsox1",1095.38301032379,0.40444597320082,0.134197952400064,3.01380137302772,0.00257996655606033,0.0497655702767453
"Rai14",880.729027389381,0.63767142694547,0.138085944473111,4.61793145840155,3.87584220284158e-06,0.000317616402217174
"Ramp3",62.2410223309244,-1.29484827211707,0.389578129231743,-3.32371910782194,0.000888256145020164,0.0222294521881493
"Rasd2",108.58099491147,-1.02657286959444,0.319917812323555,-3.20886437094098,0.001332603376089,0.0302722743349563
"Rasgrf1",116.501114188775,-0.992055721001779,0.28343606769709,-3.50010402367702,0.000465076631793058,0.0135293058223233
"Rbfox1",622.437730373802,-0.545943713617862,0.153571796457163,-3.55497380516836,0.000378016747999277,0.0115038203553761
"Rbfox3",2871.05101923871,-0.589465360010562,0.128061106776547,-4.60300066779148,4.16446893139119e-06,0.000324888315137085
"Rdh11",443.740728497285,0.563859367769593,0.178436708943677,3.15999645536824,0.00157771058286775,0.0343425959861039
"Rftn1",272.435918211041,0.68387942656416,0.211940034029731,3.22675906746446,0.00125200834598955,0.0289091724530699
"Rgs4",190.921797893425,0.808529046897693,0.243008584314854,3.32716249171726,0.000877351974663145,0.0220798879747466
"Rgs5",349.05014343881,0.629934068223465,0.200934176304822,3.13502700141881,0.00171838294109094,0.0364973187398849
"Rhob",1928.7746422251,0.390653674613113,0.124344671654527,3.14170015823828,0.00167969954755083,0.0358774666562049
"Rif1",612.549538534172,-0.509831051360863,0.162396968486222,-3.13941236781226,0.00169287039039404,0.0360972941407492
"Rims3",304.074576867186,-1.76177683095308,0.214458486341192,-8.21500170503948,2.12161243793526e-16,1.66254854667702e-13
"Rnf112",719.859491255336,-0.680177772417887,0.150156440520795,-4.52979419370087,5.90411701119208e-06,0.000443268377762433
"Rnf128",319.278681364278,0.717975033897051,0.203736306842811,3.52404068289601,0.000425018987012521,0.0126276968226611
"Rnf152",1193.33934817618,-0.737456364538661,0.144931331745192,-5.08831565720519,3.61257705671478e-07,4.39752341136796e-05
"Rnf157",679.498483557553,0.839691159373103,0.175517249447871,4.78409479418427,1.71759615178325e-06,0.000175083093911044
"Rph3a",2647.41693542617,-0.485975350683952,0.119473125047867,-4.06765413133074,4.7488796967389e-05,0.00225535809233759
"Rps6ka1",1208.23896224415,-0.760543771974105,0.128856210583423,-5.90226709702688,3.58540072064304e-09,8.32476930285601e-07
"Rragd",706.350397372204,0.533804774442485,0.152838641639577,3.4926034981474,0.000478336187993985,0.0138295948538923
"Rrbp1",1873.82385313412,0.429088294471348,0.136248263644362,3.14931202052866,0.0016365535793031,0.035345529828522
"Rtn1",6481.11660733073,-0.373507280237776,0.108398288601365,-3.4456935165402,0.000569595970724618,0.0157303838787341
"Rtn4rl1",135.130584975429,-1.04200611478506,0.326954769455855,-3.18700386759688,0.00143754852568782,0.0320141801333461
"Rundc3a",1524.21027226279,-0.389530001806257,0.125990056871016,-3.09175193249611,0.00198979055699807,0.0406981957645054
"Sat1",607.485517249815,0.506948136375999,0.158183159072631,3.20481737340464,0.00135148201995958,0.0305313181373931
"Scd1",1551.88539704317,0.543792584746363,0.123103972877475,4.41734390885662,9.99211797261541e-06,0.000653724927222436
"Scd2",13923.2892782627,0.330829622925895,0.105206791547857,3.14456527053584,0.00166333801703683,0.0355886212587164
"Scg2",1065.70009671278,0.828367607683014,0.148813793675728,5.56647060210067,2.59950612666725e-08,4.65608683087914e-06
"Scg5",1668.74425016376,-0.412478901074235,0.123893765927129,-3.32929504553799,0.000870661179630185,0.0220798879747466
"Scn2a",1453.82948488607,-0.509572347040242,0.138825706623152,-3.67059069559426,0.000241990583823842,0.00817810765494159
"Scn2b",289.185392531619,-0.659980834946105,0.209049526207839,-3.15705491860309,0.00159371327648052,0.0346308094636271
"Sdf2l1",214.426223036794,0.724501744294086,0.22526088615816,3.21627849668229,0.00129864740457774,0.0297124838660507
"Sema3c",409.763667448563,0.7375652990504,0.175620825743429,4.19975988569794,2.67198184565831e-05,0.00144057289172549
"Sema3e",145.483314487343,1.12530150306805,0.259809885328215,4.3312497584396,1.48265386286828e-05,0.000893726640992427
"Sema4c",726.438932320473,-0.487285670119397,0.14916991820593,-3.26664836972489,0.00108828763308713,0.0259903816069455
"Sema5b",300.943746661799,-0.597378847448797,0.191105235195048,-3.12591566023346,0.00177252378707897,0.0371016748620971
"Serpina3h",208.361578007429,0.941610993003485,0.230153169932721,4.09123625487643,4.29079736662439e-05,0.00210148505401315
"Serpine1",574.580382322116,1.37963844847922,0.198771586329606,6.94082325323644,3.898214865989e-12,1.74556492820607e-09
"Sez6l2",1169.19759190199,-0.794865981026822,0.139216671695051,-5.70956029438732,1.13268425185661e-08,2.29057986286744e-06
"Sgpp2",262.251404563048,-0.761485072608794,0.205824227537968,-3.69968628920676,0.000215866137998246,0.00743552098412639
"Sh2d1a",260.735307979947,-0.730210054553141,0.210431549372571,-3.4700597735005,0.000520342552338294,0.0146809147455671
"Sh3bgrl2",297.203154027912,0.590807692697193,0.195752648163711,3.01813384513241,0.00254336545759461,0.0493633376274322
"Sh3gl2",2309.05061121692,-0.497869017996301,0.123213474677126,-4.04070268532675,5.32912845986396e-05,0.00248318145212092
"Slc12a4",556.51605887142,0.499355989629157,0.156724824955604,3.18619586763369,0.0014415696500323,0.0320468089930939
"Slc12a5",2779.29779033,-0.723644567459792,0.118023618441079,-6.13135385118749,8.71343584276677e-10,2.37995131837257e-07
"Slc16a11",44.9325508630378,-2.88245092544493,0.54153814214207,-5.3227108141327,1.02232199060109e-07,1.60086578886065e-05
"Slc16a3",189.367006996167,0.890375412654414,0.246755563846906,3.60832963104664,0.000308174784198676,0.00978201378299493
"Slc16a6",704.271780465667,0.552939576640135,0.158947356644197,3.47875918363265,0.000503741045774244,0.014310826877028
"Slc17a7",651.528940526141,-2.14956151306141,0.19415925018431,-11.0711259495538,1.73210487812573e-28,1.08585654809702e-24
"Slc1a6",256.245165323093,0.994207851555756,0.205263297837117,4.84357341050173,1.27524573985516e-06,0.0001332419257192
"Slc2a1",311.655118075808,0.658409904106062,0.188025181635662,3.5017113047223,0.000462280234630537,0.0134877427450983
"Slc32a1",457.419415114769,-0.580384518009164,0.168700034128207,-3.44033432481757,0.000580996019710975,0.0159748423138952
"Slc37a2",317.23774855554,0.690222716652882,0.190450400225765,3.6241599693919,0.000289902140757186,0.00936802330106597
"Slc39a14",788.146438139326,0.521180452114256,0.141555970205972,3.68179774654441,0.000231595109296139,0.00786921268388886
"Slc6a1",587.499792449885,-0.553248202567695,0.157106064355168,-3.52149488842755,0.000429120940584944,0.0127194287306242
"Slc6a13",141.084865461964,-1.09242939244347,0.287595621285845,-3.79849104641858,0.000145579687102417,0.00535272175041085
"Slc8a2",1099.34695777667,-1.80203758406757,0.16935825798148,-10.6403880480668,1.93322522331151e-26,8.07959261662659e-23
"Slfn5",166.074122452908,0.8424740667388,0.267688428830604,3.14721884102031,0.00164831543994444,0.0353879777157935
"Slit2",595.001299222507,0.747384110018393,0.157870532445795,4.73415841727782,2.19965876799038e-06,0.000207363320549348
"Slitrk1",168.601727479422,-1.07836700285678,0.246255243398605,-4.37906209822813,1.19191167711241e-05,0.000747209430381772
"Slitrk4",285.385536571908,-1.00335504893366,0.239068908004878,-4.19692823005317,2.70559625508208e-05,0.00144969084812902
"Snap25",4813.30581181588,-1.09022605974763,0.121082436509521,-9.00399835992645,2.17643404632079e-19,3.89830429611001e-16
"Snx8",469.309842692459,0.578098170934632,0.164823354997828,3.50738019464688,0.000452542077484275,0.0133191844307461
"Soat1",1167.13368233559,0.472728589386715,0.132782395091835,3.56017519536206,0.000370607456367825,0.0113923294636248
"Sowaha",32.2289828276455,-1.8006368986439,0.541259114747281,-3.32675579880929,0.000878633355806422,0.0220798879747466
"Sparc",14163.5950741259,0.348617892175655,0.112751919031561,3.09190207288686,0.00198878445612023,0.0406981957645054
"Sphkap",2742.48506448083,-0.637121467457037,0.15286284517978,-4.16792888231099,3.07379797900613e-05,0.00160580329419912
"Spock1",1494.29960702057,-0.500741073905645,0.129957160403577,-3.85312415530327,0.000116620218172727,0.0045409450169244
"Spp1",18329.1856533762,1.00178829902988,0.131415611332487,7.62305398021026,2.47743215569655e-14,1.55310221840617e-11
"Spred2",1086.52201178689,-0.421495250606478,0.137770905530338,-3.05939232223208,0.00221786499376671,0.0439298440629494
"Sptb",1723.76613383478,-0.452461431789325,0.123826247350929,-3.65400261631953,0.000258183634088234,0.00860932554308054
"Sptbn4",1257.9132618201,-0.454802668983341,0.143623198724456,-3.16663793191161,0.00154212192616099,0.0338026655772841
"Srebf2",3689.57612563145,0.429912761977267,0.114911158421268,3.74126210094578,0.000183098446459209,0.00643049950057579
"Srgap2",2893.74262267994,-0.486617014683531,0.128434644436085,-3.78882985054469,0.000151358531005086,0.00551666645855167
"Sstr2",90.2139410763836,-1.29343895539075,0.334241852510624,-3.86976958652909,0.000108938261247856,0.00433608863341467
"St18",942.857840996503,-0.680606370409065,0.147490306500955,-4.61458374150616,3.93883939550401e-06,0.000320682911304086
"St3gal5",1096.35226698696,-0.42776864256337,0.131005235556669,-3.26527898481072,0.00109356309890551,0.0260667188860785
"St6gal1",545.408850225976,0.651543447876798,0.168048424146415,3.87711727251384,0.00010570141699817,0.00426136452193909
"St6galnac5",137.338406659752,-0.92415200049918,0.282867364589792,-3.2670859780497,0.00108660674473728,0.0259903816069455
"St8sia3",413.780849588994,-0.790403188561893,0.178211067022105,-4.43520821556976,9.19833411520521e-06,0.000620046844819586
"Stard4",1061.5171422824,0.708611104856274,0.149095391392491,4.75273647453575,2.00681840582357e-06,0.000199694358509651
"Steap3",589.034949276169,0.488691253824088,0.15899553032035,3.07361630128504,0.00211481238471765,0.0424928167942146
"Stx1b",4068.40668723742,-0.47623477323123,0.115924324619227,-4.10815223461946,3.98837190295971e-05,0.00198437329044876
"Sulf1",2157.20153160637,0.439956978883088,0.11735918239164,3.74880746369642,0.000177677419716565,0.00631082008047108
"Sulf2",1278.84150176503,0.678729678090167,0.130092029408828,5.21730409752612,1.81546070040573e-07,2.44755336147172e-05
"Sult4a1",1138.16075758475,-0.467258711012892,0.133719512123609,-3.49431959175084,0.0004752717044158,0.0137938810878826
"Sv2b",2993.567408414,-0.41466897163791,0.118372617928282,-3.50308186889256,0.000459908085522926,0.0134727279819777
"Sv2c",197.918103849698,-2.46191450314514,0.258947696669498,-9.50738135464996,1.95522320278948e-21,4.90291770331489e-18
"Svep1",615.786855587765,0.690370904366239,0.157097679405137,4.39453279628563,1.11011244069481e-05,0.000710054482994105
"Sybu",858.582122797716,-0.429517595158982,0.139669423467157,-3.07524427678319,0.00210330209635297,0.0424607332062145
"Syn2",3299.18447777227,-0.508636570075721,0.118014776107374,-4.30993971138787,1.63299058649949e-05,0.000965775281770314
"Syn3",1591.78412697494,0.503073109017784,0.126794940613734,3.96761185093605,7.2596443370899e-05,0.00322770995384515
"Synm",139.64457340548,0.858378922043566,0.266867678160106,3.216496384881,0.0012976616849692,0.0297124838660507
"Synpo",639.924951112295,0.752470055741266,0.15635005445432,4.81272653449002,1.48884955668283e-06,0.000154274344972639
"Tbc1d1",559.538504366717,0.513635240396685,0.161653416884496,3.17738560864251,0.00148609301560559,0.0328039335029275
"Tbxas1",193.026604820319,0.741813746769962,0.228594798479908,3.2451033518821,0.0011740800303732,0.0275151690108769
"Tcirg1",810.864639198744,0.616173835861741,0.147183469365833,4.18643369745693,2.83371658710932e-05,0.0015054719732702
"Tcn2",609.152032577606,0.542107698447562,0.154819655696762,3.50154310838516,0.000462572131152676,0.0134877427450983
"Tcte1",272.291475774368,-0.724355873897751,0.199748231136551,-3.62634437249445,0.000287461935150919,0.00931317246233132
"Tead1",1158.77182037436,0.444895912461739,0.134293267240549,3.31286833363606,0.000923444417551921,0.0228817116744387
"Tenm3",490.038153885858,0.760006723314249,0.174283712807367,4.36074439241647,1.29620715746104e-05,0.000792772943426657
"Tesc",77.6087573425121,-1.34668564618216,0.40480927733115,-3.32671636149415,0.000878757704530112,0.0220798879747466
"Tgfb1",406.961760025726,0.708084244130915,0.176847915997088,4.00391624712486,6.23024293492145e-05,0.00283024586659584
"Tgfb2",512.270164896681,0.685247593689604,0.165379618987227,4.14348272106327,3.42070855534671e-05,0.0017293888656023
"Tgm2",1029.16316800133,0.450502827087265,0.138087816716444,3.26243717801947,0.00110458652254559,0.0261801622300125
"Thbd",558.968605340922,0.682244448598091,0.159671212798508,4.27280808256294,1.93026585132103e-05,0.00111016849742491
"Thbs1",2706.23336393678,0.965191733862793,0.117110360998353,8.24172793623586,1.6974119028446e-16,1.41881002919104e-13
"Thbs2",4638.74905816794,0.807776164937521,0.113109753281411,7.14152530178206,9.23008806519878e-13,4.45103246774855e-10
"Timp1",712.922175109943,0.736609904396262,0.156519834294025,4.70617610680912,2.52406495679863e-06,0.000229324104553197
"Timp2",6057.60510475312,0.474401928322851,0.112078507287744,4.23276451304708,2.3083617152412e-05,0.00129206424936135
"Timp3",2970.96445583838,0.66547975872448,0.116259548338047,5.72408690931322,1.03991508113881e-08,2.18306737476563e-06
"Tinagl1",276.873338921089,0.993191801611062,0.239012196683339,4.15540217358411,3.24715859143126e-05,0.00166856042702316
"Tle3",1420.8080097718,-0.454855230590951,0.126385053141743,-3.59896379582817,0.000319487658935574,0.0100770415512605
"Tln1",2661.19958984162,0.524172168705385,0.115753435150049,4.52835086946586,5.94458134140102e-06,0.000443649767014798
"Tlr13",398.746507711894,0.551427424387505,0.179397752699451,3.07376996695896,0.00211372345728154,0.0424928167942146
"Tmeff1",604.420595470767,0.522566195474463,0.165958028102841,3.1487852769053,0.00163950612870574,0.035345529828522
"Tmem132a",4309.49625911775,-0.569296329997501,0.120161433263457,-4.73776247949127,2.1609087305947e-06,0.000207363320549348
"Tmem151b",1280.33525620176,-0.504178818613729,0.129035158746576,-3.90729800707985,9.33340106622934e-05,0.00386211823658031
"Tmem154",48.2450512894306,1.2925599351227,0.426940095827355,3.02749717760261,0.00246588016817695,0.0482523842653725
"Tmem158",517.595253559001,-0.701610777581151,0.184123414184982,-3.81054620721007,0.000138660091186017,0.00515881371896225
"Tmem202",370.636883939843,0.639992798684099,0.186120631140499,3.43859138432095,0.00058474913620772,0.01604285485727
"Tmem266",210.816012956534,-0.883941735273421,0.225787888513275,-3.91492095122475,9.04338314614512e-05,0.00377788089669169
"Tmem59l",222.231607185097,-0.873011429685222,0.21609732489787,-4.03989929120046,5.34741579257177e-05,0.00248318145212092
"Tmem63c",126.011895005822,-1.34614568699832,0.301454386077448,-4.46550373512386,7.9880578618802e-06,0.000562664435237382
"Tmtc1",136.528952329984,0.967573232021583,0.274963049636087,3.51892093611183,0.000433305819547984,0.0127830314482179
"Tnc",4051.70383295583,0.426048506497808,0.109531436726019,3.88973722278038,0.000100352828535951,0.00405878633607663
"Tnfaip6",75.0536704298736,1.10090406230602,0.343834296868929,3.20184481981938,0.00136550536796553,0.030792637236604
"Tnfrsf1b",282.190035112204,0.831034610801068,0.260594812467647,3.18899138064861,0.00142770134545643,0.0318514581304854
"Tnfrsf21",1400.69726160221,0.476464212898731,0.13085622620707,3.64112756961799,0.000271446584072895,0.00887064981820168
"Tnfrsf26",59.3750514917227,1.54202558898885,0.390357656581547,3.95028908230653,7.80568579882491e-05,0.00336223086717778
"Tnfsf15",101.015197370926,1.06226640607069,0.300056084567281,3.54022618005768,0.000399784249902656,0.0120463632666949
"Tnr",261.371825844635,-1.03108562809518,0.232995193656847,-4.42535149293145,9.62853769584672e-06,0.000642141519311309
"Tns1",569.329860899467,0.564428179170509,0.158411861670921,3.56304239604879,0.000366581447598609,0.011320685197023
"Tpm2",511.788282313175,0.636263357467973,0.179951603801859,3.53574707880097,0.000406623795340491,0.0121853263271223
"Tpp1",1932.67179785735,0.429153556665399,0.120635474150137,3.55744079168037,0.000374485472717907,0.011451948431554
"Tram2",232.896912342456,0.744236669647455,0.23079096268877,3.22472189108673,0.00126095097352172,0.0290621384301751
"Trim62",955.568122301617,-0.493551521356379,0.136434689103168,-3.6174929162126,0.000297470469361773,0.00953883566459824
"Trp53i11",782.897546886839,-0.620656959012789,0.155532163237898,-3.99053768745856,6.59236722519598e-05,0.00295970028967086
"Trpm3",687.240996758785,-0.591692894182842,0.181085138451572,-3.26748456136328,0.00108507784440652,0.0259903816069455
"Tshz1",533.997594001513,-0.658571686715495,0.165850555252472,-3.97087417472291,7.16093936041623e-05,0.0031951550783238
"Ttc9b",861.685368828197,-0.435034836528282,0.139441736220487,-3.11983232796529,0.00180954011264149,0.0376252304018226
"Tunar",215.072119339,-1.32390263776839,0.253083129696361,-5.23109793749097,1.6850619967593e-07,2.29644644732261e-05
"Uap1l1",657.280430800232,0.606126385446788,0.153232599325242,3.95559683850473,7.63438151017677e-05,0.0033351872952821
"Ucp2",747.952424608418,0.80558141077779,0.158717029848329,5.07558269927058,3.86310288463293e-07,4.65726768918535e-05
"Unc13c",278.387085636657,-1.43283805495236,0.214170135467443,-6.69018606083931,2.22887026457458e-11,8.73299230538628e-09
"Usp3",520.899356254197,-0.949715773034498,0.169625161766074,-5.59890857668998,2.15705508808343e-08,3.97722892564559e-06
"Usp46",1097.18010237252,-0.591063931921618,0.138554648296614,-4.26592639935315,1.99074405687649e-05,0.00113972369795057
"Vat1",1768.65357131162,0.750982214269299,0.131369415383416,5.71656813785367,1.08696896347465e-08,2.23416669902379e-06
"Vcl",2793.77915051817,0.454454504934776,0.115597028583466,3.93136839678053,8.44637280901784e-05,0.00357772372565763
"Vgll3",371.519018576122,0.690306337377357,0.179589729456397,3.84379629874634,0.000121145573894619,0.00467360986304841
"Vim",13164.133395401,0.367411726208835,0.109941633132569,3.34187982968932,0.000832130783185305,0.021424735805266
"Vsir",173.410336302907,0.781836508185081,0.245589808394715,3.18350550983982,0.00145503344088121,0.0322888659854312
"Vsnl1",1022.46865700547,-1.35227840864289,0.156517919685821,-8.63976732732792,5.63276167507172e-18,6.63201646912492e-15
"Wfdc17",254.412165906033,0.864603953407858,0.216697214865942,3.98991723978889,6.6096353573763e-05,0.00295970028967086
"Wls",3462.06526755175,0.517622027943365,0.112475825423841,4.60207360997637,4.18305303412052e-06,0.000324888315137085
"Wnt7a",223.205682539854,-1.75333994592522,0.242329722673926,-7.23534829561323,4.64335920327632e-13,2.4257682371116e-10
"Xdh",205.028777573013,0.796884115675198,0.261737113309915,3.04459732743989,0.00232992029233614,0.0460040009847411
"Xkr7",288.620257758012,-0.764895186460311,0.219873271430082,-3.47880022653659,0.000503663905325811,0.014310826877028
"Zbtb18",8946.08024392558,-0.386874122251729,0.115467400747334,-3.35050516204385,0.00080664305926093,0.0211141767787339
"Zbtb46",1002.70505564629,-0.51875585996554,0.156281389631023,-3.3193706633292,0.000902205870240614,0.0224441611132477
"Zeb2",920.237591946378,0.475284591157704,0.153161430835825,3.10316108020148,0.00191465397146954,0.0392895769137235
"Zfand5",4197.35806182488,-0.496865595186817,0.122053066005645,-4.07089810561445,4.68322323130865e-05,0.0022326331891311
"Zfhx3",127.100988483398,1.22148306689562,0.276478127269398,4.41800976793155,9.96139200975117e-06,0.000653724927222436
"Zfp219",710.26560691242,-0.535376263525859,0.159988090174182,-3.34635073737666,0.000818827506890435,0.0212556092782449
"Zfp385b",268.247590293489,-0.683935333472871,0.212723719147581,-3.21513433581132,0.00130383490549638,0.0297768343262543
"Zfp687",812.863294843766,-0.427027878747334,0.141527585896257,-3.01727663934263,0.00255056929926389,0.0494266427730612
"Zic1",11872.9890573304,-0.372460818339783,0.104142669117286,-3.57644778549238,0.000348294845438723,0.0108092098319572
"Zyx",1812.27624587933,0.390614603532111,0.121879464408991,3.20492550099602,0.00135097442926787,0.0305313181373931
