cluster,p6_1,p6_2,p22_1,p22_2
C1,3.018817099,2.239414547,2.239414547,2.239414547
C1,3.018817099,2.239414547,2.239414547,2.239414547
C1,3.018817099,3.343282645,2.239414547,3.370081115
C1,2.239414547,2.239414547,2.239414547,3.048875787
C1,4.829246579,3.504453844,4.205193356,3.496036774
C1,6.416713375,7.224578163,5.159385896,5.086004014
C1,3.747622097,3.979001655,3.321728944,3.88798429
C1,2.239414547,2.239414547,2.873919726,2.239414547
C1,3.559337299,2.886944729,2.873919726,2.239414547
C1,3.559337299,2.886944729,2.873919726,2.239414547
C1,6.15502764,6.935944414,5.403696019,5.604673741
C1,3.559337299,3.147787115,3.129791839,3.048875787
C1,2.239414547,3.147787115,2.239414547,3.709312671
C1,5.320143335,6.514506846,5.120717887,6.0006695
C1,3.018817099,3.147787115,3.129791839,2.815492623
C1,4.292990685,4.240729754,2.239414547,3.88798429
C1,3.908780733,3.147787115,3.321728944,3.370081115
C1,3.747622097,3.343282645,3.321728944,3.370081115
C1,3.018817099,2.239414547,2.239414547,2.239414547
C1,2.239414547,2.239414547,3.321728944,2.815492623
C1,5.155712327,2.239414547,4.483515643,3.370081115
C1,2.239414547,2.239414547,2.239414547,3.370081115
C1,3.018817099,2.239414547,2.873919726,3.048875787
C1,7.192373517,7.503891803,6.414390248,6.576311292
C1,8.270161715,4.700363643,3.737910156,5.11866294
C1,8.283301913,8.641067209,7.360344491,7.290524768
C1,6.15502764,7.097722335,5.864333069,6.337847087
C1,2.239414547,2.239414547,2.239414547,2.815492623
C1,2.239414547,3.343282645,3.129791839,3.370081115
C1,8.572694163,8.91127564,7.674240752,7.649892442
C1,2.239414547,2.239414547,2.873919726,3.048875787
C1,2.239414547,2.886944729,2.873919726,2.815492623
C1,2.239414547,2.239414547,2.239414547,2.815492623
C1,4.829246579,4.643678264,4.41932272,4.570782057
C1,2.239414547,2.886944729,2.239414547,3.048875787
C1,2.239414547,2.239414547,3.321728944,2.239414547
C1,4.292990685,4.584494734,3.947110142,3.96799226
C1,8.026242438,8.665335242,6.846306276,7.142414374
C1,3.018817099,3.147787115,2.873919726,3.224599095
C1,3.018817099,2.886944729,2.873919726,2.239414547
C1,2.239414547,2.239414547,2.239414547,3.048875787
C1,3.018817099,2.886944729,2.239414547,3.048875787
C1,2.239414547,2.886944729,2.239414547,2.239414547
C1,2.239414547,2.886944729,2.239414547,2.239414547
C1,5.642309649,5.688596118,4.65931349,4.521666007
C1,3.018817099,2.239414547,2.239414547,2.239414547
C1,8.635519369,8.922824941,7.620785401,7.644398265
C1,2.239414547,3.147787115,2.239414547,2.239414547
C1,3.018817099,3.877596741,3.947110142,3.60800778
C1,4.67324514,5.042249766,5.975569045,6.364899547
C1,4.67324514,5.243200173,2.873919726,3.224599095
C1,3.018817099,2.239414547,3.847216168,2.239414547
C1,2.239414547,2.239414547,3.480091316,2.239414547
C1,4.17760713,3.504453844,3.616765873,3.048875787
C1,2.239414547,3.147787115,3.129791839,2.239414547
C1,3.559337299,3.147787115,2.239414547,3.224599095
C1,6.509329256,6.646043217,4.125002911,4.66390504
C1,3.329026725,2.886944729,3.129791839,2.239414547
C1,4.496764216,4.072526908,2.239414547,2.239414547
C1,2.239414547,2.239414547,3.480091316,3.370081115
C1,3.018817099,2.886944729,3.616765873,3.370081115
C1,3.018817099,2.886944729,3.321728944,2.239414547
C1,3.329026725,2.886944729,3.129791839,2.815492623
C1,4.58791829,5.126142792,3.847216168,3.88798429
C1,2.239414547,2.886944729,2.873919726,3.709312671
C1,5.682877603,5.575011986,4.351817253,4.113678139
C1,2.239414547,2.886944729,2.873919726,2.815492623
C1,7.816248742,7.972641454,5.932110729,6.017850651
C1,4.753486901,5.351210713,6.078754784,5.64962442
C1,2.239414547,2.239414547,3.129791839,3.048875787
C1,8.635519369,9.01203405,7.719441043,7.698419625
C1,6.658283515,6.841596742,4.997799522,5.150572285
C1,3.908780733,3.147787115,2.239414547,2.239414547
C1,7.945877202,8.434690871,7.214551515,7.499759475
C1,5.096293985,5.688596118,4.351817253,4.113678139
C1,7.67380024,8.312685097,6.633065257,6.480689733
C1,2.239414547,3.343282645,2.239414547,2.239414547
C1,3.747622097,3.979001655,4.544729774,4.304528635
C1,3.018817099,3.147787115,4.65931349,4.417598919
C1,3.747622097,2.886944729,3.480091316,2.239414547
C1,6.463768657,6.753637322,5.338127531,5.355589279
C1,3.018817099,3.147787115,3.129791839,2.815492623
C1,3.018817099,3.343282645,3.321728944,3.048875787
C1,3.018817099,3.147787115,2.873919726,2.815492623
C1,2.239414547,2.239414547,2.239414547,2.239414547
C1,3.018817099,2.239414547,2.873919726,2.239414547
C1,2.239414547,3.147787115,3.321728944,3.048875787
C1,2.239414547,2.239414547,3.947110142,3.496036774
C1,4.050557784,2.239414547,3.737910156,3.224599095
C1,5.904600328,6.026978228,3.947110142,3.496036774
C1,3.747622097,4.240729754,4.603248205,4.417598919
C1,8.529236882,8.550901822,6.098526526,6.17917074
C1,7.834220987,8.268101042,6.633065257,6.63299382
C1,3.747622097,3.877596741,2.873919726,3.048875787
C1,3.329026725,2.886944729,2.873919726,2.239414547
C1,2.239414547,2.239414547,3.616765873,2.239414547
C1,3.018817099,3.147787115,3.321728944,3.224599095
C1,4.58791829,5.126142792,4.764896313,4.043002559
C1,6.966383594,7.449001245,5.46634483,5.693193238
C1,3.747622097,3.504453844,4.039290574,4.304528635
C1,4.496764216,4.522565109,3.480091316,4.113678139
C1,7.920867291,8.573061148,6.193480141,6.310274043
C1,4.050557784,3.504453844,3.847216168,3.709312671
C1,2.239414547,2.239414547,2.873919726,3.224599095
C1,6.096416259,6.227391305,4.997799522,4.832835329
C1,7.299806316,7.910171304,8.178333316,8.290179877
C1,9.29757689,9.800310895,8.352353142,8.465486814
C1,6.15502764,6.026978228,5.743664228,5.67157614
C1,2.239414547,3.343282645,3.129791839,3.048875787
C1,8.512596767,8.876062304,7.492726766,7.475207842
C1,9.696627462,10.20682504,8.763239659,8.812588738
C1,2.239414547,3.343282645,3.480091316,3.60800778
C1,5.467303916,5.418860902,5.996811553,5.776512767
C1,9.418611596,9.84651992,8.561785698,8.621774917
C1,6.183456351,6.467838985,6.430052392,6.224219269
C1,3.908780733,3.877596741,4.039290574,2.815492623
C1,9.571018139,10.04715504,8.670964373,8.711170664
C1,7.954118342,8.226761724,6.822800227,6.877698065
C1,8.484429348,8.725925988,8.178333316,7.887007149
C1,4.17760713,3.343282645,3.321728944,2.239414547
C1,4.292990685,4.754765158,3.480091316,3.048875787
C1,3.908780733,3.147787115,3.737910156,3.496036774
C1,5.834464261,5.451504407,5.718250592,5.43504011
C1,9.376322187,9.911723244,8.32337625,8.324929084
C1,2.239414547,2.886944729,3.129791839,2.815492623
C1,9.633908012,10.07847042,8.680788528,8.752597486
C1,8.230007041,8.965329447,5.932110729,6.017850651
C1,7.481900328,7.955870833,6.591914554,6.687523896
C1,2.239414547,2.886944729,3.129791839,2.239414547
C1,5.798056182,5.938214764,4.41932272,4.113678139
C1,7.447276622,7.67763848,5.954005428,5.460557646
C1,3.018817099,3.643452153,3.737910156,3.802130128
C1,7.986619728,8.160003714,4.862858272,5.242138483
C1,4.496764216,3.504453844,4.280601186,2.239414547
C1,3.559337299,3.504453844,3.847216168,3.709312671
C1,6.91659126,7.243139155,6.869434219,6.95081091
C1,3.747622097,3.877596741,3.321728944,3.370081115
C1,5.096293985,4.389257932,4.351817253,4.113678139
C1,3.329026725,3.343282645,3.616765873,3.048875787
C1,2.239414547,3.343282645,3.737910156,3.048875787
C1,5.3709272,4.072526908,5.692373716,3.048875787
C1,3.329026725,2.239414547,3.947110142,3.496036774
C1,3.908780733,4.389257932,2.873919726,2.239414547
C1,7.076272579,7.358282772,5.269345864,5.300011315
C1,7.85197191,8.277128809,7.052314381,7.094837561
C1,6.717676765,7.177101044,5.743664228,5.911515615
C1,5.096293985,5.084830077,4.544729774,4.304528635
C1,9.805356194,10.25786946,8.858645886,8.921032859
C1,5.682877603,4.643678264,4.483515643,3.60800778
C1,3.559337299,3.147787115,3.847216168,3.048875787
C1,8.444047225,9.73466504,8.145597261,8.638446252
C1,3.329026725,3.147787115,2.873919726,2.815492623
C1,3.747622097,4.643678264,3.847216168,3.224599095
C1,2.239414547,2.886944729,4.205193356,3.88798429
C1,7.045722627,7.375207702,5.909874499,5.735463937
C1,8.80452575,9.123830702,7.875913304,7.785849732
C1,5.034219153,5.243200173,4.280601186,4.244046675
C1,2.239414547,2.239414547,3.737910156,2.239414547
C1,6.637927242,6.687340966,5.403696019,5.64962442
C1,7.912433297,8.818487789,6.774602711,6.644066707
C1,3.559337299,3.147787115,3.737910156,2.815492623
C1,9.448076864,9.944668948,7.870198967,8.290179877
C1,8.26354644,9.365151801,7.864461888,8.032883493
C1,9.623614922,10.09770287,7.817724232,7.765749959
C1,3.018817099,3.147787115,3.947110142,3.048875787
C1,8.420453678,8.818487789,7.276381446,7.35250793
C1,3.329026725,3.343282645,3.737910156,3.496036774
C1,5.557512751,5.205261829,4.764896313,4.304528635
C1,6.211331105,6.130693846,6.017742475,5.776512767
C1,8.353507677,9.12633026,7.841282477,8.053752768
C1,5.600546039,3.504453844,4.954273273,4.832835329
C1,5.869964052,5.891671248,4.997799522,5.55824893
C1,5.212699308,4.159446881,2.873919726,3.88798429
C1,3.908780733,3.147787115,3.847216168,3.496036774
C1,7.986619728,8.317068617,6.430052392,6.35143715
C1,2.239414547,3.147787115,3.129791839,3.370081115
C1,3.329026725,3.147787115,3.616765873,2.815492623
C1,9.203957285,9.677865773,8.092604495,8.14604228
C1,8.209502451,8.761738393,5.120717887,4.570782057
C1,8.42638835,9.79088878,6.903443298,7.325288648
C1,2.239414547,3.147787115,3.947110142,3.224599095
C1,3.908780733,3.504453844,3.480091316,2.815492623
C1,7.770312601,8.069363915,7.267709491,7.475207842
C1,8.73927987,9.083237259,7.964390164,7.868278464
C1,10.08961412,10.41127075,8.57237957,8.573465297
C1,3.018817099,2.239414547,3.737910156,2.239414547
C1,8.276746781,8.053687426,5.768631163,5.271373879
C1,4.90102179,4.584494734,3.480091316,3.224599095
C1,6.509329256,6.817009823,4.125002911,3.802130128
C1,3.018817099,2.886944729,2.873919726,2.815492623
C1,9.474090638,10.04054455,7.543888276,7.941776085
C1,9.379384319,9.849548526,8.72892995,8.73977896
C1,9.904337104,10.86255518,8.950840043,9.272065437
C1,5.642309649,4.754765158,4.351817253,4.570782057
C1,8.041791565,8.377078607,4.280601186,4.180548944
C1,7.643539579,7.691214406,5.996811553,6.238925734
C1,8.729713342,8.951299985,7.852918773,7.627788923
C1,9.415631695,9.672745025,6.1749871,5.776512767
C1,6.774712159,7.9159636,6.366350325,6.760547723
C1,3.747622097,3.643452153,4.954273273,4.244046675
C1,9.281298543,9.83586945,7.250207316,7.785849732
C1,5.467303916,5.316123701,4.125002911,4.043002559
C1,9.676852356,10.03789185,8.651113006,8.711170664
C1,9.956526929,10.84293395,9.037493878,9.360126567
C1,5.096293985,3.877596741,5.403696019,3.88798429
C1,6.793231834,7.07717428,5.817286739,5.816409361
C1,5.869964052,6.435861729,9.062756919,9.307242652
C1,3.329026725,4.072526908,4.125002911,3.88798429
C1,7.233605824,7.117981154,7.713070005,8.015967809
C1,9.385489152,9.808115919,7.7694202,7.849303243
C1,9.154765804,9.643379017,9.69687316,9.88855101
C1,3.559337299,3.643452153,4.039290574,4.043002559
C1,6.5315783,6.403155175,6.017742475,6.253482643
C1,9.982937376,10.4812828,6.857916747,7.028851853
C1,10.61239175,10.96035389,8.072841067,7.795795478
C1,4.17760713,3.766574302,3.480091316,3.048875787
C1,8.914165704,9.113788934,7.744647248,7.638883061
C1,9.809902603,10.07459297,7.693786144,7.588272695
C1,9.636469849,10.34091874,7.31897477,7.703712037
C1,7.233605824,7.035176499,8.898480449,9.126040017
C1,3.559337299,3.504453844,4.125002911,3.048875787
C1,8.390408361,9.348120932,7.052314381,7.887007149
C1,8.588658884,8.99298553,6.958396851,6.858823959
C1,8.588658884,8.99298553,6.958396851,6.858823959
C1,10.13198653,10.41638587,8.302316083,8.08652775
C1,3.559337299,4.643678264,5.43536866,3.802130128
C1,3.018817099,3.766574302,4.544729774,3.496036774
C1,8.588658884,8.716002646,9.556319035,9.668152966
C1,10.49166375,10.86704551,7.9482091,8.153795133
C1,9.111223908,9.330886589,7.021684666,6.968522856
C1,5.320143335,4.389257932,4.764896313,4.113678139
C1,9.988964039,10.43666687,8.082756644,8.110629139
C1,8.879979255,10.09387684,8.250480205,8.293692721
C1,9.669366241,10.03523427,8.600255259,8.558943072
C1,9.505261093,10.22908886,7.799799382,8.240079782
C1,6.698150565,6.499118934,6.857916747,6.610588587
C1,10.48883124,11.17896493,8.364595759,8.265347398
C1,7.869506898,7.820372286,8.0426785,8.318045908
C1,8.959887056,9.194615214,7.551050988,7.225753272
C1,10.35679872,10.89589684,8.799760491,9.257750793
C1,10.46164126,11.0420477,8.661072843,8.881899088
C1,10.75123508,11.02138257,7.817724232,8.098628803
C1,6.003728619,4.906022134,6.193480141,6.034827462
C1,9.557563746,10.61721167,9.196592964,9.710811466
C1,8.905694752,9.286877793,7.500147726,7.649892442
C1,9.699080399,10.11164547,8.006672281,8.114607158
C1,10.9548196,11.47603123,8.31918875,8.149923917
C1,6.86501315,7.024482702,7.302088309,7.469003997
C1,4.969228656,4.240729754,4.65931349,4.113678139
C1,9.519209851,9.7606395,7.700242809,7.682424771
C1,10.01676029,10.91986678,9.019542746,9.243292676
C1,9.832422179,10.25444596,8.289530751,8.514477858
C1,10.41912688,10.95051445,9.344001877,9.296779265
C1,10.13742274,10.99358857,9.565185063,9.939884998
C1,10.62534627,11.31664662,9.040040186,9.153361851
C1,9.651746066,10.32903332,10.48604558,10.94640745
C1,8.064805283,8.064157335,9.728788349,10.11287968
C1,11.86118099,12.23076901,8.458965963,8.368886315
C1,10.53212232,11.35124599,9.19887357,9.44785623
C2,2.239414547,2.239414547,2.873919726,2.815492623
C2,6.15502764,6.245970643,5.233645547,5.693193238
C2,4.829246579,4.457599943,4.483515643,3.802130128
C2,2.239414547,2.239414547,3.480091316,3.048875787
C2,4.050557784,3.147787115,3.321728944,3.96799226
C2,2.239414547,2.239414547,2.873919726,2.239414547
C2,3.018817099,3.504453844,3.129791839,2.239414547
C2,3.329026725,3.147787115,3.616765873,3.048875787
C2,3.329026725,3.147787115,3.737910156,2.239414547
C2,5.419940023,5.768186841,4.039290574,3.370081115
C2,2.239414547,2.886944729,2.873919726,2.815492623
C2,3.018817099,2.239414547,2.239414547,2.815492623
C2,3.559337299,3.504453844,4.205193356,3.496036774
C2,5.096293985,5.960928774,4.8147568,5.328075415
C2,2.239414547,2.239414547,2.239414547,2.239414547
C2,3.559337299,3.147787115,2.873919726,2.239414547
C2,2.239414547,2.239414547,2.873919726,2.239414547
C2,4.969228656,4.998318318,4.41932272,4.244046675
C2,3.559337299,2.239414547,2.873919726,3.048875787
C2,4.58791829,4.85744028,4.125002911,4.304528635
C2,3.559337299,3.343282645,2.239414547,2.815492623
C2,3.018817099,2.239414547,2.239414547,3.048875787
C2,2.239414547,2.886944729,2.239414547,2.239414547
C2,6.416713375,6.646043217,6.822800227,6.986019382
C2,3.329026725,4.457599943,4.90932638,4.180548944
C2,3.908780733,3.877596741,2.873919726,3.370081115
C2,3.747622097,3.343282645,2.239414547,3.224599095
C2,3.747622097,3.979001655,4.280601186,4.417598919
C2,5.600546039,4.700363643,4.41932272,4.521666007
C2,4.050557784,3.643452153,3.616765873,2.815492623
C2,2.239414547,2.239414547,2.239414547,2.239414547
C2,2.239414547,2.886944729,3.129791839,3.048875787
C2,3.559337299,2.239414547,2.239414547,3.048875787
C2,2.239414547,2.239414547,2.239414547,2.239414547
C2,2.239414547,3.766574302,2.239414547,3.60800778
C2,3.747622097,3.766574302,3.321728944,3.802130128
C2,4.58791829,3.766574302,4.483515643,3.60800778
C2,7.788863099,8.095118473,7.55817827,7.687776137
C2,5.682877603,5.632942021,5.19700957,4.618152493
C2,3.329026725,3.147787115,2.239414547,2.239414547
C2,3.018817099,2.886944729,3.129791839,2.239414547
C2,5.642309649,5.742149099,5.975569045,6.132657293
C2,2.239414547,2.886944729,2.873919726,2.239414547
C2,3.559337299,2.886944729,3.480091316,3.224599095
C2,4.292990685,4.389257932,3.480091316,4.043002559
C2,4.753486901,4.906022134,4.41932272,4.362294576
C2,2.239414547,2.239414547,2.873919726,3.048875787
C2,6.440433991,6.574459831,6.430052392,6.729705052
C2,2.239414547,2.239414547,2.239414547,2.239414547
C2,3.747622097,3.147787115,4.125002911,4.570782057
C2,3.559337299,3.147787115,3.129791839,3.048875787
C2,3.559337299,3.147787115,2.873919726,2.239414547
C2,8.809075152,9.386161472,8.408616588,8.863109247
C2,3.329026725,3.343282645,2.239414547,2.815492623
C2,6.933380946,7.578847871,6.846306276,6.708769258
C2,3.018817099,2.239414547,2.239414547,2.239414547
C2,6.486729801,6.865770279,6.659858253,6.887043027
C2,7.247091642,7.432926269,7.713070005,7.810586594
C2,2.239414547,3.343282645,2.873919726,3.224599095
C2,3.329026725,3.147787115,3.616765873,3.496036774
C2,3.747622097,3.877596741,4.483515643,4.113678139
C2,3.559337299,3.343282645,3.847216168,4.113678139
C2,7.807177884,8.100214636,7.400559062,7.290524768
C2,2.239414547,2.239414547,4.764896313,4.618152493
C2,3.559337299,3.147787115,3.129791839,2.815492623
C2,5.798056182,6.514506846,6.156251838,6.310274043
C2,7.192373517,7.850931088,6.366350325,6.552996494
C2,2.239414547,2.886944729,2.873919726,2.239414547
C2,2.239414547,2.239414547,2.873919726,2.239414547
C2,4.050557784,3.147787115,3.847216168,4.66390504
C2,7.247091642,8.120421055,7.738386904,8.14604228
C2,3.747622097,3.504453844,3.480091316,2.815492623
C2,4.969228656,5.742149099,3.616765873,3.60800778
C2,7.742031366,8.245281216,8.344133273,8.561859238
C2,3.018817099,3.766574302,4.039290574,3.709312671
C2,2.239414547,2.239414547,3.129791839,2.239414547
C2,2.239414547,2.886944729,2.873919726,3.60800778
C2,3.018817099,2.886944729,3.129791839,2.239414547
C2,9.238094565,9.681269534,8.205813149,8.341994645
C2,6.949976914,6.841596742,6.990388727,7.269256356
C2,4.050557784,3.147787115,3.321728944,3.048875787
C2,8.578035396,8.836918698,6.947572815,7.35250793
C2,3.329026725,2.886944729,3.321728944,3.048875787
C2,4.050557784,2.239414547,3.847216168,2.239414547
C2,2.239414547,2.239414547,2.873919726,2.239414547
C2,4.90102179,5.385442552,4.351817253,4.708153221
C2,5.155712327,5.243200173,6.520595245,6.238925734
C2,8.588658884,8.91127564,7.892921646,8.094606393
C2,3.329026725,3.147787115,3.737910156,3.048875787
C2,8.76760454,9.360912897,8.511291929,8.665810603
C2,3.018817099,3.147787115,3.129791839,3.048875787
C2,5.938414594,6.048332534,5.611783537,5.328075415
C2,4.17760713,4.584494734,3.737910156,3.709312671
C2,6.949976914,6.924483926,6.505896039,6.810525468
C2,5.034219153,4.95294332,5.611783537,5.11866294
C2,6.575067686,6.740620487,6.810901495,6.95081091
C2,2.239414547,2.886944729,3.616765873,2.239414547
C2,8.365913114,8.725925988,9.094950999,9.28976127
C2,8.243516555,8.745570172,7.232489783,7.398937931
C2,6.368061365,6.632009159,6.058705572,6.132657293
C2,3.018817099,2.239414547,2.873919726,2.815492623
C2,5.722317535,5.205261829,4.483515643,4.832835329
C2,4.050557784,3.343282645,3.321728944,2.239414547
C2,3.559337299,3.643452153,3.737910156,4.113678139
C2,3.329026725,2.886944729,3.616765873,2.815492623
C2,3.559337299,3.343282645,3.847216168,3.370081115
C2,3.747622097,3.147787115,2.239414547,2.815492623
C2,8.209502451,8.562024043,9.077705059,9.307242652
C2,4.829246579,4.95294332,5.718250592,5.929797921
C2,3.908780733,2.886944729,2.239414547,3.048875787
C2,7.663783789,8.011030505,8.58638476,8.652193324
C2,2.239414547,2.239414547,2.873919726,2.239414547
C2,6.755950745,6.935944414,6.914603258,6.994688493
C2,6.368061365,6.865770279,8.214857936,8.52048636
C2,8.772271708,9.15599191,9.50009899,9.761151719
C2,3.329026725,2.886944729,2.873919726,2.239414547
C2,7.825262875,7.90435564,7.392605467,7.372590041
C2,6.509329256,6.727484669,7.400559062,7.61098591
C2,7.663783789,8.100214636,8.79675216,9.252345967
C2,5.971445401,5.960928774,6.017742475,6.163833733
C2,7.192373517,7.40022795,7.805799133,8.102640023
C2,3.018817099,2.886944729,2.239414547,3.048875787
C2,7.458910562,7.744274323,7.898546789,8.261764733
C2,9.476952312,10.01918512,9.016959964,9.293274535
C2,7.061078668,7.366770097,8.017051856,8.283128411
C2,2.239414547,2.239414547,2.873919726,2.239414547
C2,3.018817099,3.643452153,3.129791839,3.496036774
C2,6.238673246,6.264311938,7.400559062,7.559368262
C2,7.192373517,8.105292851,8.953543858,9.191516643
C2,7.79804958,8.434690871,7.661061653,7.775834882
C2,3.018817099,2.239414547,3.129791839,2.239414547
C2,5.320143335,4.85744028,6.947572815,7.210955176
C2,3.329026725,2.886944729,3.129791839,2.239414547
C2,8.73927987,9.275662562,8.881543019,9.206500395
C2,3.559337299,3.504453844,3.616765873,2.239414547
C2,7.423723025,7.744274323,8.627602376,8.84885447
C2,4.17760713,3.147787115,3.737910156,3.370081115
C2,4.292990685,4.584494734,4.862858272,4.983140055
C2,6.291839064,6.245970643,6.880860175,7.118822534
C2,7.178362761,7.67763848,6.491044695,6.887043027
C2,5.798056182,5.915133007,8.241656797,7.839721135
C2,3.329026725,2.239414547,2.873919726,3.224599095
C2,8.109759179,8.338788547,7.43968134,7.93279121
C2,8.540224578,8.806068362,8.481624236,8.836866922
C2,8.117117095,8.28610041,7.937319936,8.52048636
C2,3.908780733,2.886944729,3.616765873,2.239414547
C2,2.239414547,2.239414547,2.873919726,2.239414547
C2,5.467303916,5.545132629,6.1749871,6.163833733
C2,7.014510013,7.789151571,8.71306068,8.939087708
C2,5.467303916,5.351210713,6.846306276,7.011871566
C2,8.700627051,9.180252391,8.763239659,8.853621733
C2,5.971445401,5.891671248,3.616765873,4.304528635
C2,4.829246579,4.31713194,4.8147568,3.88798429
C2,5.834464261,5.632942021,6.058705572,6.132657293
C2,3.747622097,2.886944729,3.616765873,3.048875787
C2,8.438184926,9.350260819,7.732099249,7.900895689
C2,7.061078668,6.980894553,8.352353142,8.643960814
C2,4.292990685,3.766574302,3.616765873,3.370081115
C2,3.747622097,3.343282645,2.873919726,3.048875787
C2,4.050557784,3.147787115,3.847216168,3.496036774
C2,5.155712327,4.906022134,5.46634483,5.756136588
C2,2.239414547,3.147787115,3.129791839,2.239414547
C2,3.559337299,3.504453844,3.737910156,3.370081115
C2,7.363096894,7.233888567,8.637725324,8.974533253
C2,4.969228656,4.643678264,5.46634483,5.627327367
C2,6.553487689,6.865770279,7.647760919,7.616608713
C2,6.31769969,6.544796341,6.430052392,6.505199045
C2,6.949976914,7.868960166,7.072377888,7.450230538
C2,2.239414547,4.457599943,3.129791839,3.224599095
C2,4.17760713,2.886944729,4.280601186,3.496036774
C2,8.645729235,9.075497152,8.99350443,9.176375615
C2,3.908780733,3.343282645,4.205193356,3.224599095
C2,9.08894996,9.704873613,9.913694875,10.2556756
C2,7.895415818,8.208001286,6.903443298,6.941872479
C2,6.933380946,7.107887388,6.633065257,7.225753272
C2,7.945877202,8.069363915,7.95901663,8.106640114
C2,3.559337299,2.886944729,3.480091316,2.239414547
C2,4.398852556,4.31713194,3.947110142,3.709312671
C2,7.515711419,7.40022795,6.366350325,6.541195535
C2,6.416713375,6.514506846,6.058705572,6.310274043
C2,3.329026725,3.504453844,2.239414547,3.048875787
C2,9.251526442,9.494610881,8.582896192,8.780403543
C2,4.829246579,4.584494734,5.304158443,4.832835329
C2,9.136782801,9.506172554,9.601838565,9.824437301
C2,8.243516555,8.82465763,9.390635923,9.650456073
C2,3.329026725,3.877596741,3.847216168,2.815492623
C2,5.971445401,6.300304439,8.470339597,8.817477177
C2,6.15502764,6.865770279,6.869434219,6.932878159
C2,7.713184066,8.532172032,7.793774553,7.820363684
C2,6.811515942,7.233888567,6.798903458,6.324126896
C2,8.236777619,9.01203405,9.586243817,9.984030523
C2,7.192373517,8.074551762,9.001365396,9.560019919
C2,8.670942106,9.192231319,9.962830038,10.21643057
C2,3.018817099,3.343282645,3.129791839,2.239414547
C2,3.329026725,2.886944729,3.480091316,3.496036774
C2,8.414494483,8.752059225,8.920758682,9.000557264
C2,3.747622097,3.147787115,3.480091316,3.048875787
C2,3.559337299,3.504453844,4.205193356,2.815492623
C2,3.908780733,3.877596741,3.737910156,3.370081115
C2,7.526807727,8.037838611,8.835379405,8.981083405
C2,4.050557784,3.343282645,4.351817253,3.370081115
C2,5.212699308,5.351210713,6.846306276,7.134593312
C2,7.85197191,7.844870935,8.192138694,8.487125453
C2,3.018817099,3.504453844,5.526328243,4.708153221
C2,6.637927242,6.499118934,6.333405224,6.541195535
C2,8.561951986,8.695948763,9.128836374,9.540936376
C2,5.760691418,4.95294332,5.817286739,5.604673741
C2,7.273690183,7.383596167,5.793167055,6.148330476
C2,8.250224145,8.351665194,7.9482091,8.276042294
C2,8.160493104,8.268101042,9.514818456,9.780055042
C2,8.384323445,8.896707745,9.420256883,9.712124429
C2,5.155712327,5.483408964,5.496655154,5.714485922
C2,3.908780733,3.504453844,3.321728944,3.048875787
C2,7.338113418,7.636126076,7.072377888,7.33896259
C2,4.496764216,4.072526908,3.616765873,3.048875787
C2,7.994631865,8.658443084,9.310648094,9.662730854
C2,7.623006924,7.826536094,7.953622993,8.176806672
C2,8.39646771,8.796683107,8.600255259,8.932343595
C2,6.5315783,6.3865178,7.572327934,8.04960301
C2,3.329026725,3.504453844,3.947110142,3.496036774
C2,4.292990685,3.877596741,3.947110142,3.370081115
C2,3.747622097,2.886944729,3.129791839,3.048875787
C2,8.42638835,9.15599191,9.462629513,9.778802498
C2,7.653697232,8.576721493,8.164394484,8.73461948
C2,8.87564841,9.360912897,8.420392671,8.511464194
C2,6.126022309,5.385442552,5.909874499,6.224219269
C2,7.663783789,8.501689043,8.428190308,8.726845489
C2,5.419940023,5.768186841,6.366350325,6.687523896
C2,9.409653363,9.741202631,9.820504311,10.03528158
C2,6.416713375,6.189493005,6.247567096,6.116810384
C2,4.17760713,4.643678264,5.159385896,4.708153221
C2,6.949976914,7.167414805,8.661072843,9.114170363
C2,6.949976914,7.224578163,6.857916747,7.070446099
C2,8.010523785,8.725925988,9.230429159,9.257750793
C2,9.696627462,10.04715504,9.589723915,9.782556873
C2,7.164214309,7.40022795,7.101958251,7.372590041
C2,5.682877603,4.998318318,4.862858272,4.304528635
C2,7.954118342,8.482304718,9.814568028,10.15693259
C2,8.799961954,9.21119307,9.214737649,9.618604288
C2,7.091307755,6.766537318,6.786804436,6.35143715
C2,6.15502764,6.352652294,6.211737196,6.282159838
C2,7.247091642,7.424821009,8.259249952,8.401810707
C2,4.829246579,3.504453844,4.205193356,3.88798429
C2,4.398852556,4.31713194,2.873919726,2.815492623
C2,6.265502901,6.499118934,7.130942899,6.780747818
C2,4.050557784,3.979001655,2.873919726,3.224599095
C2,8.42638835,8.716002646,9.556319035,9.7432823
C2,9.118572777,9.773453431,8.630984593,8.732032802
C2,7.548747214,7.832673657,8.285243658,8.822349104
C2,6.15502764,6.282421258,8.787689336,9.237833302
C2,8.289827382,8.665335242,9.836704249,10.16749953
C2,7.559592942,8.222094447,9.675743117,10.15982217
C2,8.753511733,9.123830702,9.906736244,10.06024011
C2,4.292990685,3.643452153,3.847216168,3.496036774
C2,8.943428304,9.375694885,9.692024394,9.987287612
C2,6.126022309,6.245970643,6.505896039,6.644066707
C2,5.3709272,5.418860902,4.125002911,3.496036774
C2,3.747622097,3.877596741,3.321728944,2.815492623
C2,4.292990685,3.643452153,4.544729774,3.60800778
C2,6.899603264,6.980894553,6.892196064,7.411933321
C2,3.559337299,3.766574302,3.947110142,3.224599095
C2,8.685860947,8.768155273,8.293805136,8.480976043
C2,7.061078668,7.013708834,6.505896039,6.905552731
C2,7.493259085,8.074551762,7.725784043,7.868278464
C2,7.920867291,8.565712471,8.784655695,9.038733576
C2,5.834464261,5.891671248,4.039290574,4.113678139
C2,6.637927242,6.889544147,7.492726766,7.740224546
C2,7.458910562,8.682422909,8.384771954,8.863109247
C2,8.250224145,8.438719287,6.577931341,6.468276255
C2,6.096416259,5.418860902,5.817286739,5.328075415
C2,8.593941428,8.864130864,9.109570879,9.394880412
C2,3.329026725,3.147787115,3.616765873,3.048875787
C2,6.183456351,6.282421258,8.627602376,8.459244241
C2,7.683747554,8.174571484,8.0426785,8.258173144
C2,5.320143335,4.906022134,6.699133403,6.790742397
C2,8.4322987,9.369378286,9.439671593,10.01946034
C2,8.309228463,8.450737454,8.613993633,8.911919974
C2,4.17760713,3.979001655,3.480091316,4.244046675
C2,3.747622097,3.643452153,4.351817253,3.88798429
C2,5.3709272,4.998318318,6.017742475,6.282159838
C2,8.359723735,8.66189328,8.725770033,8.757693167
C2,6.882412204,6.82935584,6.058705572,6.505199045
C2,7.299806316,7.2705396,7.572327934,7.858822076
C2,8.4322987,8.990243661,8.835379405,8.963549798
C2,7.742031366,8.790392171,7.969743743,8.268921184
C2,5.760691418,5.604273282,6.017742475,5.796600978
C2,4.67324514,4.240729754,4.039290574,3.96799226
C2,7.273690183,7.526790879,6.366350325,6.068187302
C2,3.747622097,3.147787115,3.737910156,3.60800778
C2,8.109759179,8.685816282,7.887274467,8.191946176
C2,8.734504537,9.243787947,9.78299534,9.812245234
C2,5.834464261,5.243200173,5.159385896,4.570782057
C2,8.230007041,8.712679635,8.76631863,9.191516643
C2,8.276746781,8.422537665,7.996217437,8.214361501
C2,5.938414594,6.451939469,7.400559062,7.443917956
C2,5.320143335,5.418860902,5.080943716,5.150572285
C2,6.882412204,6.3865178,5.039995703,5.300011315
C2,4.398852556,5.084830077,5.19700957,5.242138483
C2,6.343101762,6.335414647,5.954005428,6.480689733
C2,6.416713375,6.435861729,8.314989055,8.362210263
C2,6.658283515,6.791995084,7.140476182,7.475207842
C2,7.663783789,7.832673657,7.674240752,7.95070531
C2,4.90102179,4.700363643,4.280601186,4.570782057
C2,4.90102179,4.807069462,5.233645547,4.832835329
C2,6.966383594,7.332516523,8.062856826,8.576352277
C2,3.747622097,3.343282645,3.847216168,3.60800778
C2,8.250224145,8.623479445,10.1370532,10.40033709
C2,8.444047225,8.922824941,8.722603179,8.972343242
C2,6.509329256,6.514506846,7.293570242,7.43757759
C2,8.064805283,8.56939149,8.536759782,8.841673903
C2,9.30403714,9.76224748,9.201150577,9.28976127
C2,4.398852556,4.584494734,4.713135301,3.88798429
C2,8.534741194,8.806068362,9.481485903,9.859222538
C2,7.312688897,8.058931884,8.022213755,7.839721135
C2,6.096416259,5.960928774,6.299684753,6.480689733
C2,6.096416259,6.17016064,5.768631163,5.64962442
C2,4.969228656,3.877596741,5.611783537,5.581651734
C2,7.548747214,7.776471444,7.360344491,7.45651558
C2,8.372076043,8.49396655,9.781474504,10.04260586
C2,5.212699308,4.389257932,5.19700957,4.983140055
C2,7.612629835,7.62201855,9.835239022,10.21550507
C2,4.398852556,3.877596741,3.847216168,3.60800778
C2,8.309228463,8.41846373,9.037493878,9.178276957
C2,7.779617693,7.40022795,9.024694477,8.934595138
C2,6.596328098,6.5297315,6.724732763,6.63299382
C2,7.79804958,7.526790879,9.252553584,9.443119837
C2,6.15502764,5.604273282,5.63915926,4.871983337
C2,6.211331105,5.867816606,7.140476182,7.118822534
C2,5.155712327,4.906022134,5.039995703,4.792531801
C2,6.03529769,5.545132629,8.73522909,9.324514719
C2,7.399777897,8.110353242,9.133612811,9.812245234
C2,8.384323445,8.609253162,8.52590001,8.550159025
C2,4.17760713,4.240729754,3.847216168,3.96799226
C2,8.809075152,8.887895858,8.082756644,8.352137877
C2,8.866947515,9.696487851,9.358355108,9.617203346
C2,6.066183837,6.150563395,6.786804436,7.086752919
C2,7.63330982,7.898516419,7.931844355,8.08652775
C2,4.829246579,3.979001655,4.65931349,4.244046675
C2,9.051044916,9.429310244,7.738386904,7.203498698
C2,8.202602278,8.466607454,9.04765225,8.932343595
C2,7.886831148,9.041468295,8.558237045,9.170656504
C2,9.154765804,9.891294633,9.339874586,9.673554775
C2,8.790790811,9.123830702,8.368653644,8.602078297
C2,8.7103878,9.665888962,8.817679895,9.098190679
C2,6.486729801,6.435861729,4.954273273,4.618152493
C2,6.811515942,6.467838985,6.098526526,6.26789303
C2,4.58791829,4.389257932,4.65931349,4.947076809
C2,6.5315783,6.559704707,6.686160626,6.443122306
C2,7.722864129,7.874920096,7.975077516,8.276042294
C2,7.481900328,7.035176499,6.699133403,6.719275284
C2,9.154765804,9.721500301,10.50090793,10.84293573
C2,4.90102179,4.072526908,4.039290574,3.802130128
C2,8.980199867,9.116305937,10.12030713,10.46094549
C2,7.570357641,8.226761724,7.593295266,8.276042294
C2,7.260452327,7.056328592,7.130942899,6.91471901
C2,7.751520237,7.880855485,8.136105951,8.365552152
C2,4.753486901,4.457599943,5.19700957,4.983140055
C2,5.3709272,4.584494734,5.996811553,5.796600978
C2,4.90102179,3.979001655,4.039290574,3.496036774
C2,8.670942106,9.113788934,9.730365723,9.94770863
C2,8.501395728,8.802946724,8.634358896,8.827204631
C2,6.966383594,6.991916013,7.9482091,8.06613086
C2,9.623614922,10.11164547,8.72892995,8.827204631
C2,8.901440548,9.289110413,9.304307485,9.466647808
C2,9.798509602,10.16853355,9.950702247,10.32853534
C2,5.513128535,5.418860902,7.159355405,7.405450281
C2,9.234716962,9.415070244,8.432073373,8.331779562
C2,8.102363522,8.100214636,8.4513334,8.76277091
C2,8.523711482,8.509370406,9.69040451,9.86631594
C2,7.653697232,7.838785197,8.844148375,8.502385232
C2,8.174666572,8.364427881,9.212482006,9.428816629
C2,8.583356922,9.381983946,10.02712795,10.20807962
C2,8.455700815,8.748818348,9.192020905,9.511075083
C2,7.338113418,7.629089577,8.667674728,9.009128634
C2,6.717676765,6.659941474,8.76631863,8.430813365
C2,6.596328098,6.646043217,7.462654665,7.981529129
C2,6.211331105,6.889544147,9.325335356,9.535013363
C2,6.291839064,5.793756114,5.743664228,5.693193238
C2,9.027814375,9.121326806,8.982956054,9.411140118
C2,9.505261093,9.80967187,9.634217397,9.853284609
C2,7.076272579,6.817009823,6.619478961,6.687523896
C2,5.869964052,5.891671248,8.01187141,8.318045908
C2,9.023905983,8.846046582,9.53120029,9.761151719
C2,7.014510013,6.958595046,6.673069637,6.698185847
C2,9.759086235,10.13044354,9.977515758,10.05196848
C2,7.895415818,7.826536094,8.396743552,8.541321151
C2,8.188702076,8.037838611,8.022213755,8.037081584
C2,5.155712327,5.280136459,5.080943716,4.362294576
C2,5.682877603,5.514607987,5.46634483,5.67157614
C2,4.829246579,4.457599943,4.205193356,4.570782057
C2,7.247091642,6.659941474,6.737363426,6.621834898
C2,6.265502901,6.700847207,6.737363426,6.750340203
C2,6.755950745,6.282421258,5.269345864,4.983140055
C2,6.847400991,6.559704707,7.416335703,7.750489021
C2,5.320143335,5.042249766,5.19700957,5.150572285
C2,6.368061365,6.559704707,6.282522094,6.209360119
C2,8.153353781,8.312685097,9.040040186,9.432007398
C2,5.600546039,6.3865178,5.932110729,6.517298475
C2,9.326422864,9.415070244,8.400712102,8.408306336
C2,8.729713342,8.505534838,9.109570879,9.344971868
C2,8.384323445,8.91706185,10.00774751,10.3673849
C2,7.869506898,7.704663641,7.620785401,7.724689454
C2,8.315637917,8.719318018,7.082305715,7.928277686
C2,7.895415818,8.179394884,9.581007878,9.749689675
C2,6.717676765,6.4196017,6.605762898,6.541195535
C2,6.575067686,6.544796341,6.798903458,6.941872479
C2,8.26354644,8.450737454,9.896937423,10.06332978
C2,9.385489152,9.691432896,9.18972943,9.252345967
C2,10.01872539,10.17940615,9.746045328,9.766216874
C2,5.267451861,4.584494734,4.280601186,4.244046675
C2,4.90102179,4.807069462,6.505896039,6.65505488
C2,4.753486901,4.522565109,4.351817253,3.88798429
C2,5.682877603,5.166263708,5.932110729,5.67157614
C2,4.292990685,3.979001655,4.125002911,3.496036774
C2,8.236777619,8.268101042,9.669178806,9.922975821
C2,7.286807452,7.750771543,8.477872492,8.596400929
C2,5.467303916,4.643678264,5.233645547,4.043002559
C2,8.73927987,8.908373808,8.232779068,8.375531603
C2,5.938414594,6.026978228,7.130942899,7.517902474
C2,10.03046012,10.497785,9.356313369,9.573085255
C2,7.860766067,8.402051921,8.998749831,9.05538182
C2,6.596328098,6.740620487,6.810901495,7.094837561
C2,9.300810631,9.960163523,8.196711269,8.440352736
C2,8.593941428,8.979223769,9.701705683,9.750967742
C2,8.146178932,8.364427881,9.587984915,9.986202733
C2,7.135493275,8.939977333,7.858701885,8.449829422
C2,5.419940023,5.742149099,5.63915926,5.242138483
C2,9.144002927,9.345977866,8.561785698,8.963549798
C2,6.463768657,6.282421258,5.63915926,5.086004014
C2,6.86501315,6.991916013,7.543888276,7.627788923
C2,5.869964052,5.545132629,6.098526526,6.116810384
C2,4.753486901,4.31713194,3.947110142,4.244046675
C2,7.435547962,7.416669886,5.63915926,6.068187302
C2,6.678355332,6.947314313,6.349972446,5.581651734
C2,8.76760454,8.806068362,8.690546219,9.049161224
C2,8.734504537,9.07031391,8.847059558,9.272065437
C2,8.340994597,8.277128809,8.20126939,8.930088532
C2,7.526807727,7.456971964,7.485267384,7.511880157
C2,7.937588681,7.5861334,7.969743743,8.153795133
C2,7.703438547,7.013708834,6.774602711,6.41751931
C2,8.781560981,8.954116815,8.71306068,8.829626278
C2,7.92925223,8.470547817,8.082756644,8.203197394
C2,6.811515942,6.632009159,6.265151259,5.796600978
C2,9.144002927,9.348120932,9.352221202,9.485197742
C2,9.76143532,10.22908886,10.10943824,10.27623696
C2,2.239414547,2.886944729,3.737910156,2.815492623
C2,7.537819229,7.511565338,7.713070005,8.015967809
C2,6.774712159,5.818873709,6.724732763,6.443122306
C2,3.747622097,3.766574302,3.737910156,2.815492623
C2,8.243516555,8.240673593,9.001365396,9.474405956
C2,7.206249236,7.541857206,8.637725324,8.916483613
C2,5.467303916,4.31713194,4.039290574,3.224599095
C2,6.003728619,5.545132629,6.211737196,6.310274043
C2,8.049503693,8.735781523,9.652636144,9.999167751
C2,9.168992517,9.975493446,9.559871988,9.777548865
C2,6.575067686,6.189493005,7.492726766,8.007434955
C2,8.73927987,8.976455591,10.09113945,10.34216721
C2,8.42638835,8.637566772,8.529529027,8.822349104
C2,9.633908012,10.08362419,9.550973145,9.702908492
C2,8.444047225,8.584014431,9.776902354,10.08983335
C2,8.153353781,8.513195799,8.644434698,8.909632728
C2,7.149925421,7.763678773,7.693786144,8.14604228
C2,8.002599722,8.644559171,8.901284118,9.248731466
C2,5.155712327,4.807069462,5.19700957,4.570782057
C2,8.478729241,9.320009619,9.779952064,10.0446917
C2,7.537819229,7.024482702,6.563810591,6.337847087
C2,7.399777897,7.440986179,7.687300421,7.844520151
C2,7.920867291,8.263565875,8.344133273,8.550159025
C2,7.515711419,7.233888567,7.572327934,7.800742734
C2,5.971445401,5.793756114,4.713135301,3.96799226
C2,9.925440137,10.32141857,8.400712102,8.67661261
C2,4.753486901,4.584494734,4.039290574,4.113678139
C2,8.131721232,8.893776427,8.709865766,9.157223067
C2,8.897173758,9.259813292,9.527575926,9.555638378
C2,8.188702076,8.351665194,8.753963113,8.652193324
C2,4.496764216,3.643452153,4.125002911,4.304528635
C2,7.375427979,8.198528736,8.906875161,9.394880412
C2,5.155712327,5.545132629,5.19700957,4.618152493
C2,4.398852556,3.877596741,4.90932638,4.362294576
C2,8.094929735,8.249874163,8.237224765,8.471702483
C2,8.635519369,9.390326936,8.428190308,8.584978705
C2,7.299806316,6.889544147,7.082305715,7.03726744
C2,7.045722627,6.727484669,5.039995703,4.871983337
C2,7.325457261,8.000166113,9.507477497,9.597445952
C2,8.223204524,8.355931985,9.241533787,9.549775545
C2,6.998646076,6.499118934,7.159355405,7.372590041
C2,7.653697232,7.636126076,8.503932024,8.916483613
C2,7.770312601,7.358282772,7.870198967,8.04960301
C2,5.798056182,4.807069462,4.764896313,4.113678139
C2,5.096293985,3.979001655,4.8147568,4.304528635
C2,8.866947515,9.779817966,10.393505,10.84413381
C2,8.188702076,8.587647118,9.968187613,10.20993957
C2,8.049503693,7.820372286,8.136105951,7.633346668
C2,8.359723735,8.66189328,8.352353142,8.610552665
C2,6.291839064,5.514607987,5.692373716,5.150572285
C2,8.328371988,9.106211465,9.221483493,9.44627916
C2,5.904600328,4.85744028,5.692373716,5.271373879
C2,7.751520237,7.892653449,8.887210956,9.506542094
C2,6.91659126,6.673706544,8.027357238,8.276042294
C2,8.620067761,8.334470653,7.980391628,8.078403587
C2,9.756733318,9.98102782,10.57212687,10.8489162
C2,8.556550743,9.049392661,10.55175253,11.03353067
C2,9.952420524,10.43767347,10.56241851,10.72497657
C2,9.027814375,9.243787947,9.045119356,9.250539848
C2,5.869964052,6.227391305,6.749884041,6.26789303
C2,9.103837409,9.698168908,9.958798758,10.22012664
C2,8.879979255,9.40481206,10.01423663,10.17798963
C2,10.15539689,10.66441036,10.10701177,10.41007775
C2,8.250224145,8.308288211,7.214551515,6.923827242
C2,8.270161715,8.290565365,7.68078538,7.517902474
C2,9.019986973,10.34736066,10.57036657,10.90796871
C2,7.751520237,7.593382278,8.022213755,8.279589705
C2,8.223204524,8.634057819,8.926274888,8.8795637
C2,7.061078668,6.714227665,6.646524229,6.977297717
C2,8.578035396,9.123830702,8.904082348,9.168745084
C2,8.813610249,8.768155273,8.772456925,8.770354163
C2,6.486729801,6.130693846,5.996811553,5.983278976
C2,9.701529171,9.994771574,10.65668178,10.94584953
C2,8.690799798,9.262088163,9.692024394,10.05196848
C2,7.663783789,7.657031747,7.881605078,8.149923917
C2,6.966383594,6.817009823,5.666016111,5.796600978
C2,6.637927242,6.317967099,6.786804436,6.994688493
C2,4.050557784,3.766574302,4.603248205,3.496036774
C2,8.781560981,9.553372982,8.082756644,8.114607158
C2,6.982605269,6.991916013,7.543888276,7.593984651
C2,7.816248742,8.528396707,8.131336763,8.627353468
C2,8.049503693,9.255252759,8.507616672,9.009128634
C2,5.600546039,4.240729754,4.65931349,3.96799226
C2,8.884297135,9.250677763,9.325335356,9.565841349
C2,8.041791565,8.037838611,7.667666268,7.765749959
C2,7.570357641,8.079721008,7.931844355,8.687334318
C2,8.73927987,9.555229251,9.398594506,9.682959541
C2,6.183456351,6.048332534,5.932110729,5.756136588
C2,6.658283515,6.740620487,10.41327992,10.80652273
C2,9.25486496,9.961563904,10.89191659,11.18304508
C2,7.192373517,6.817009823,7.447379894,7.318402681
C2,9.291087578,9.335214517,9.062756919,9.266714078
C2,8.087457423,7.944581045,8.40466976,8.372212786
C2,7.363096894,8.043140931,9.011780485,9.461972813
C2,8.588658884,9.523343157,10.67153681,11.09772149
C2,8.567333076,8.945649769,9.201150577,9.424017204
C2,9.271442626,10.19734703,10.63242221,10.79169623
C2,7.247091642,6.958595046,6.947572815,6.994688493
C2,7.206249236,7.147844583,7.572327934,7.462773321
C2,7.903949668,8.179394884,9.143118497,9.172565395
C2,7.770312601,7.5861334,9.28296855,9.208362467
C2,6.15502764,5.661042136,4.544729774,4.113678139
C2,8.799961954,8.984744239,6.834601289,7.210955176
C2,7.788863099,7.776471444,7.892921646,8.203197394
C2,7.045722627,6.901285306,8.817679895,8.89120301
C2,9.238094565,9.360912897,9.882822633,9.863955346
C2,8.270161715,8.426600124,7.931844355,8.020215373
C2,4.67324514,4.072526908,4.280601186,3.88798429
C2,6.5315783,6.369685064,4.65931349,4.521666007
C2,6.183456351,5.688596118,5.403696019,5.018284657
C2,9.433419459,9.776639209,10.44340519,10.77420385
C2,7.470451303,7.55676762,7.536689778,8.053752768
C2,4.58791829,3.766574302,4.544729774,3.370081115
C2,3.747622097,3.979001655,4.764896313,4.304528635
C2,4.67324514,4.700363643,4.603248205,4.180548944
C2,9.686773793,9.989289774,8.94541716,9.026120071
C2,6.847400991,6.659941474,6.3166442,6.455754419
C2,9.524751806,9.910273612,9.906736244,10.26017046
C2,8.018404533,7.578847871,7.787724434,7.677053459
C2,8.094929735,7.832673657,7.757086947,7.825227472
C2,8.167597253,7.763678773,8.533148936,8.792867601
C2,8.695721794,8.928565098,9.30642412,9.35509267
C2,8.690799798,8.784073677,9.161943987,9.424017204
C2,7.559592942,8.058931884,9.382633188,9.754795163
C2,5.419940023,4.31713194,4.544729774,3.224599095
C2,7.807177884,8.037838611,7.28500149,7.225753272
C2,6.966383594,7.15766295,7.31897477,7.677053459
C2,10.79431526,11.14793467,10.08375445,10.00774681
C2,8.748783365,8.699310499,8.276631047,8.057890618
C2,9.370178353,9.417113156,10.57300622,10.83331511
C2,7.886831148,8.20327279,8.112100683,8.110629139
C2,7.387654392,7.167414805,8.887210956,9.013395294
C2,9.016057286,9.131316418,9.416342387,9.527575233
C2,7.970460623,7.252330692,7.140476182,6.810525468
C2,9.261518905,9.280159123,9.501947158,9.713436199
C2,7.92925223,8.222094447,8.838308323,8.834457411
C2,6.658283515,6.245970643,6.762296516,6.310274043
C2,6.575067686,5.768186841,5.887285779,5.55824893
C2,9.459696493,9.679568657,7.431941423,6.610588587
C2,9.664353828,10.25215909,10.20783135,10.17893951
C2,9.140397381,10.24527668,9.964171298,10.26286066
C2,7.860766067,7.838785197,8.01187141,8.487125453
C2,8.353507677,8.295016539,9.180526955,9.482122604
C2,5.760691418,4.807069462,4.713135301,4.113678139
C2,9.376322187,9.56815668,10.94314642,11.30899591
C2,5.212699308,3.504453844,4.713135301,3.496036774
C2,8.057174787,8.410281172,9.014372549,9.40952237
C2,8.640633336,8.843010368,8.376735318,8.31112972
C2,7.014510013,6.11054425,6.476038016,6.051604786
C2,7.273690183,6.766537318,7.607105887,7.469003997
C2,9.597556227,9.671034062,8.697014864,8.576352277
C2,4.969228656,4.389257932,4.544729774,4.244046675
C2,7.994631865,8.254452527,8.340005702,8.324929084
C2,8.720082938,9.40481206,9.554539272,9.878061317
C2,7.338113418,7.349745137,7.507530657,7.644398265
C2,4.969228656,3.766574302,4.483515643,3.88798429
C2,9.491176142,9.794036327,9.784514574,9.953271074
C2,6.066183837,6.048332534,6.058705572,5.855217489
C2,9.450990557,9.752572607,9.579258334,9.865136126
C2,7.470451303,7.424821009,7.400559062,7.233095674
C2,4.753486901,4.240729754,4.603248205,4.043002559
C2,6.698150565,6.090106523,6.058705572,6.194345054
C2,6.966383594,6.090106523,6.366350325,5.947848716
C2,5.419940023,4.457599943,4.351817253,4.244046675
C2,7.722864129,7.480622885,8.072841067,8.378842799
C2,7.233605824,6.947314313,4.65931349,4.792531801
C2,8.786183279,9.326545638,9.675743117,10.10190345
C2,8.724906177,9.075497152,9.024694477,8.925567802
C2,8.250224145,8.565712471,8.982956054,9.261342793
C2,11.14763486,11.59719736,11.4302913,11.78816697
C2,5.682877603,4.998318318,6.118028445,5.67157614
C2,6.736941173,5.84355552,5.692373716,5.271373879
C2,7.581042517,7.358282772,6.563810591,6.63299382
C2,8.160493104,8.069363915,8.360526424,8.465486814
C2,7.233605824,7.002853684,7.799799382,7.968399535
C2,6.15502764,5.385442552,4.90932638,3.370081115
C2,8.109759179,7.5861334,7.052314381,6.994688493
C2,7.363096894,7.341156591,7.416335703,7.262096502
C2,8.645729235,9.1362854,9.248155762,9.427218594
C2,9.31367359,10.12295368,10.13467277,10.53477669
C2,8.858193815,8.91706185,8.72892995,8.71902937
C2,8.734504537,8.908373808,8.285243658,8.31459196
C2,7.014510013,6.646043217,7.667666268,7.297545003
C2,8.495762417,8.91127564,10.07633144,10.21086864
C2,9.224536441,9.348120932,8.826556799,8.841673903
C2,8.753511733,9.003901181,8.71306068,8.760234273
C2,9.646671947,9.564474935,10.29674977,10.56124433
C2,6.658283515,6.11054425,6.038370913,5.64962442
C2,9.60280576,10.51123473,10.90174927,11.49362751
C2,7.912433297,7.955870833,7.787724434,7.523899722
C2,8.561951986,8.584014431,8.814708745,9.212079417
C2,8.849386665,9.268891329,9.308537653,9.452577123
C2,6.637927242,5.891671248,5.120717887,5.150572285
C2,6.416713375,5.418860902,5.120717887,4.750998459
C2,7.878195048,7.724605057,10.26771501,10.62047775
C2,5.419940023,4.85744028,4.603248205,3.96799226
C2,9.287831941,9.508090523,9.874286992,9.963229745
C2,6.463768657,5.632942021,5.496655154,5.300011315
C2,6.486729801,6.245970643,6.958396851,6.82031584
C2,7.69362668,7.67763848,8.481624236,8.218063744
C2,8.660909785,8.558326158,8.380759234,8.599242407
C2,5.3709272,5.166263708,4.997799522,4.043002559
C2,7.663783789,8.174571484,9.679014106,9.787547556
C2,9.258195769,9.74283241,10.14771677,10.43970397
C2,8.026242438,8.56939149,9.439671593,9.809794407
C2,7.63330982,7.892653449,7.799799382,7.825227472
C2,5.212699308,4.522565109,4.280601186,3.370081115
C2,9.320062312,9.330886589,9.807113156,10.10190345
C2,9.274735419,9.421190322,8.858645886,8.8795637
C2,8.117117095,8.295016539,8.072841067,8.430813365
C2,7.537819229,7.205774769,7.400559062,7.311483632
C2,4.753486901,3.877596741,4.862858272,4.618152493
C2,9.214283561,9.994771574,10.34284829,10.67535686
C2,9.533025023,9.817426548,10.144171,10.39380659
C2,9.085203965,9.180252391,8.784655695,9.368477556
C2,5.869964052,4.754765158,5.768631163,5.212278832
C2,7.834220987,7.629089577,6.3166442,6.35143715
C2,9.67933912,10.45169268,10.55620627,10.87318019
C2,5.557512751,4.807069462,5.233645547,4.417598919
C2,9.919141577,10.30606742,10.20102154,10.52509833
C2,9.000230597,9.143706926,8.684048432,8.732032802
C2,8.270161715,7.51919822,7.368477729,7.233095674
C2,6.096416259,4.754765158,5.159385896,4.304528635
C2,8.507007122,9.306848063,10.06762272,10.32767906
C2,8.334697103,9.143706926,8.522261838,9.015523901
C2,8.216369763,8.616383844,10.06387426,10.32853534
C2,5.096293985,4.31713194,4.862858272,4.470659819
C2,9.872092203,10.16489106,8.802762561,8.765303093
C2,8.578035396,7.989219228,6.633065257,6.051604786
C2,6.575067686,5.768186841,5.768631163,5.409051807
C2,10.32697577,10.81763951,10.25899869,10.58651944
C2,7.192373517,6.700847207,7.579350999,7.165625789
C2,7.164214309,7.107887388,7.232489783,6.986019382
C2,6.265502901,5.280136459,5.269345864,5.150572285
C2,7.920867291,7.233888567,7.187217967,6.896327657
C2,8.223204524,7.950236991,8.223846342,8.003149514
C2,7.076272579,6.779322561,7.841282477,7.593984651
C2,6.066183837,5.688596118,5.496655154,5.086004014
C2,8.315637917,9.059891215,8.58638476,8.983260196
C2,7.061078668,6.632009159,6.822800227,6.552996494
C2,8.729713342,8.682422909,9.433874566,9.535013363
C2,8.296323454,8.184202202,6.958396851,6.708769258
C3,6.003728619,6.467838985,6.445545329,6.986019382
C3,4.969228656,5.632942021,5.371294068,5.460557646
C3,3.559337299,2.886944729,2.873919726,2.239414547
C3,2.239414547,2.239414547,2.239414547,3.048875787
C3,4.398852556,4.522565109,3.321728944,3.224599095
C3,3.559337299,3.504453844,3.321728944,3.370081115
C3,5.834464261,7.650096833,5.63915926,6.468276255
C3,3.329026725,2.886944729,3.321728944,3.048875787
C3,4.58791829,3.877596741,2.873919726,2.239414547
C3,2.239414547,3.147787115,2.239414547,2.815492623
C3,2.239414547,2.886944729,2.873919726,2.239414547
C3,3.329026725,2.886944729,3.480091316,2.815492623
C3,5.155712327,5.451504407,4.205193356,4.113678139
C3,4.969228656,4.389257932,3.616765873,4.113678139
C3,9.674361298,10.8707768,9.949348399,10.41492352
C3,5.798056182,6.150563395,5.120717887,5.816409361
C3,3.018817099,2.239414547,2.873919726,2.239414547
C3,3.329026725,2.886944729,3.129791839,2.815492623
C3,6.416713375,6.740620487,5.996811553,6.337847087
C3,3.747622097,3.147787115,3.480091316,3.048875787
C3,3.018817099,2.239414547,3.616765873,2.239414547
C3,3.018817099,3.147787115,3.321728944,2.239414547
C3,2.239414547,2.239414547,3.480091316,3.048875787
C3,2.239414547,2.886944729,2.239414547,2.239414547
C3,5.212699308,5.166263708,6.460872697,6.621834898
C3,8.328371988,8.959734026,7.887274467,8.493248753
C3,2.239414547,2.239414547,2.873919726,2.815492623
C3,3.018817099,3.147787115,2.873919726,2.815492623
C3,5.320143335,4.700363643,6.822800227,7.028851853
C3,3.018817099,2.886944729,2.873919726,2.239414547
C3,3.747622097,3.877596741,2.873919726,2.239414547
C3,5.155712327,5.316123701,6.445545329,6.780747818
C3,3.018817099,3.343282645,3.947110142,2.239414547
C3,3.559337299,2.239414547,3.321728944,2.239414547
C3,7.623006924,7.910171304,5.817286739,6.100785817
C3,2.239414547,2.239414547,2.239414547,2.815492623
C3,2.239414547,2.239414547,2.239414547,2.815492623
C3,3.329026725,3.343282645,3.737910156,3.709312671
C3,5.467303916,5.451504407,3.321728944,3.370081115
C3,6.829570423,7.375207702,7.082305715,6.849293185
C3,4.17760713,4.159446881,3.129791839,3.709312671
C3,2.239414547,2.886944729,3.129791839,3.048875787
C3,4.17760713,3.877596741,3.129791839,2.815492623
C3,2.239414547,2.239414547,3.321728944,3.224599095
C3,6.126022309,6.048332534,5.611783537,5.796600978
C3,3.559337299,3.147787115,2.239414547,2.239414547
C3,3.329026725,2.886944729,2.873919726,2.815492623
C3,6.03529769,6.603522789,6.211737196,6.034827462
C3,9.284568941,9.757418154,9.085121438,9.180175797
C3,7.703438547,8.2360512,7.68078538,7.959579568
C3,6.617278296,7.117981154,3.480091316,3.048875787
C3,3.329026725,2.886944729,3.480091316,3.224599095
C3,2.239414547,3.343282645,3.847216168,2.239414547
C3,7.537819229,8.016432152,8.047749619,8.401810707
C3,2.239414547,2.886944729,3.321728944,2.815492623
C3,8.289827382,8.799818315,7.920830401,8.206928375
C3,3.908780733,3.979001655,4.713135301,5.11866294
C3,4.496764216,4.584494734,5.338127531,5.892995709
C3,3.018817099,2.239414547,2.873919726,2.239414547
C3,4.050557784,3.343282645,4.125002911,3.496036774
C3,3.329026725,2.239414547,2.873919726,3.224599095
C3,6.416713375,6.924483926,6.633065257,7.225753272
C3,3.559337299,3.343282645,4.039290574,3.496036774
C3,4.292990685,3.877596741,3.129791839,2.815492623
C3,4.292990685,3.979001655,3.847216168,3.048875787
C3,6.736941173,7.243139155,6.563810591,6.887043027
C3,7.570357641,7.600594874,7.352165065,7.475207842
C3,6.31769969,6.753637322,7.232489783,7.218373235
C3,3.747622097,3.877596741,3.616765873,3.496036774
C3,6.553487689,6.026978228,6.724732763,6.665959633
C3,5.034219153,4.159446881,3.480091316,3.60800778
C3,4.829246579,4.240729754,4.8147568,4.910043322
C3,3.747622097,3.343282645,3.847216168,3.048875787
C3,3.559337299,3.766574302,4.039290574,3.60800778
C3,8.495762417,8.956928155,9.04765225,9.254149827
C3,6.126022309,6.150563395,6.659858253,7.126729522
C3,7.312688897,7.862975493,7.514875949,7.872983496
C3,4.753486901,4.457599943,5.304158443,5.181766807
C3,2.239414547,2.886944729,3.129791839,2.239414547
C3,2.239414547,2.239414547,3.129791839,2.239414547
C3,5.642309649,5.915133007,6.349972446,6.116810384
C3,2.239414547,4.700363643,4.603248205,3.88798429
C3,3.018817099,3.147787115,3.129791839,3.224599095
C3,6.265502901,6.005299653,6.633065257,6.896327657
C3,6.658283515,6.544796341,6.098526526,6.430377945
C3,2.239414547,2.239414547,3.321728944,3.048875787
C3,7.581042517,8.074551762,7.267709491,7.582538007
C3,3.329026725,3.343282645,3.129791839,2.815492623
C3,4.90102179,4.700363643,5.555390867,5.150572285
C3,3.559337299,2.239414547,3.616765873,3.224599095
C3,7.903949668,8.312685097,7.909731652,8.02445046
C3,7.834220987,8.321438853,7.823649987,8.153795133
C3,3.747622097,3.147787115,3.129791839,3.224599095
C3,7.895415818,8.368657132,6.673069637,6.541195535
C3,6.596328098,6.514506846,8.121750801,8.31459196
C3,5.212699308,5.451504407,7.042176746,6.830039991
C3,7.722864129,8.193769023,8.760154102,9.118137776
C3,6.183456351,5.867816606,6.619478961,6.480689733
C3,7.106187487,8.079721008,5.403696019,6.378236669
C3,9.737770538,10.07588661,8.884379771,9.388324864
C3,5.3709272,5.483408964,4.997799522,5.51024797
C3,8.064805283,8.722625787,7.996217437,8.456112792
C3,4.292990685,3.504453844,3.847216168,4.043002559
C3,3.908780733,4.240729754,4.713135301,4.708153221
C3,6.966383594,7.408472377,7.514875949,7.61098591
C3,3.018817099,2.239414547,3.129791839,3.048875787
C3,3.018817099,2.886944729,3.129791839,3.048875787
C3,6.755950745,6.687340966,7.43968134,7.475207842
C3,4.17760713,3.343282645,3.737910156,3.60800778
C3,7.260452327,7.844870935,7.661061653,7.559368262
C3,3.747622097,3.643452153,3.847216168,2.815492623
C3,8.026242438,8.547175272,7.787724434,7.97716587
C3,3.747622097,3.643452153,3.737910156,3.048875787
C3,6.238673246,6.189493005,6.078754784,6.17917074
C3,5.600546039,4.522565109,4.41932272,3.224599095
C3,8.167597253,8.914171646,7.335665525,7.541743128
C3,9.008165648,9.315635763,9.410450655,9.615801043
C3,9.197031803,10.59753094,9.466420561,10.12968038
C3,7.233605824,7.15766295,6.990388727,7.086752919
C3,6.440433991,6.300304439,6.299684753,6.541195535
C3,5.155712327,4.85744028,5.19700957,5.355589279
C3,5.971445401,5.891671248,5.975569045,6.253482643
C3,5.419940023,6.130693846,4.90932638,4.521666007
C3,10.22513439,10.71261079,9.370545222,9.920706215
C3,7.663783789,8.193769023,8.192138694,8.449829422
C3,7.338113418,7.224578163,7.031967184,7.431209194
C3,8.256900678,8.438719287,7.875913304,8.443518555
C3,6.440433991,6.189493005,6.947572815,6.858823959
C3,8.289827382,8.637566772,8.223846342,8.408306336
C3,7.470451303,7.657031747,7.400559062,7.547642161
C3,4.496764216,2.886944729,4.41932272,3.60800778
C3,4.496764216,3.979001655,3.947110142,3.88798429
C3,7.363096894,7.85696587,7.082305715,7.529872111
C3,3.559337299,3.504453844,2.873919726,2.239414547
C3,4.753486901,4.643678264,5.975569045,5.604673741
C3,4.90102179,4.700363643,4.280601186,4.708153221
C3,8.922587199,9.379890637,8.988239884,9.159149805
C3,6.596328098,6.841596742,6.880860175,7.297545003
C3,3.908780733,3.343282645,3.616765873,3.370081115
C3,4.58791829,4.389257932,4.65931349,4.417598919
C3,4.90102179,4.584494734,4.8147568,5.018284657
C3,8.353507677,8.576721493,9.097397959,9.444700363
C3,4.58791829,3.877596741,3.737910156,3.370081115
C3,3.747622097,3.343282645,2.873919726,3.048875787
C3,4.292990685,4.389257932,4.039290574,3.370081115
C3,7.325457261,7.534343735,7.092165527,7.290524768
C3,3.018817099,2.239414547,3.321728944,2.815492623
C3,4.829246579,4.457599943,4.862858272,4.304528635
C3,3.559337299,2.886944729,3.321728944,2.815492623
C3,3.018817099,2.886944729,2.873919726,3.370081115
C3,5.212699308,4.700363643,6.098526526,7.633346668
C3,5.320143335,4.754765158,4.713135301,4.521666007
C3,5.096293985,4.754765158,5.555390867,5.382574605
C3,7.751520237,7.776471444,8.439808277,8.643960814
C3,3.747622097,2.886944729,3.616765873,3.048875787
C3,7.458910562,7.564165362,7.875913304,7.891651546
C3,3.908780733,4.457599943,2.239414547,3.224599095
C3,6.736941173,6.4196017,5.743664228,5.627327367
C3,2.239414547,2.886944729,3.321728944,2.239414547
C3,8.818131132,9.20411159,9.670822686,9.96983087
C3,8.309228463,8.478396391,9.003976227,9.082031989
C3,7.945877202,8.281621587,7.904150068,7.740224546
C3,5.096293985,4.31713194,4.351817253,3.496036774
C3,3.329026725,3.147787115,3.129791839,3.048875787
C3,7.350659326,7.657031747,7.763266765,7.959579568
C3,5.096293985,4.389257932,5.555390867,5.43504011
C3,7.273690183,8.406172416,7.641064231,7.972789365
C3,8.655867334,8.852099904,8.169055749,8.355503162
C3,7.895415818,8.140348208,7.985686224,7.963996297
C3,3.559337299,3.147787115,3.947110142,2.815492623
C3,6.982605269,6.659941474,6.137267871,6.364899547
C3,5.904600328,6.300304439,6.193480141,6.492996723
C3,3.329026725,3.147787115,3.737910156,2.239414547
C3,7.192373517,7.607771547,7.052314381,7.431209194
C3,7.411800216,7.850931088,7.990961447,8.247344393
C3,8.270161715,9.017430599,8.568856918,8.855999468
C3,3.747622097,2.239414547,3.616765873,3.709312671
C3,8.26354644,8.56939149,8.511291929,8.646710209
C3,7.164214309,7.224578163,7.062381099,6.839698815
C3,5.155712327,4.643678264,3.947110142,4.180548944
C3,7.247091642,7.782825451,8.589864911,8.981083405
C3,8.545687194,8.905466126,8.210342634,8.932343595
C3,3.747622097,2.886944729,3.129791839,3.048875787
C3,7.470451303,7.704663641,7.031967184,7.218373235
C3,4.496764216,3.979001655,3.737910156,2.815492623
C3,3.559337299,2.239414547,3.129791839,3.048875787
C3,4.398852556,5.166263708,4.483515643,4.244046675
C3,8.072395608,8.321438853,7.775547475,8.206928375
C3,5.212699308,4.85744028,4.280601186,3.370081115
C3,7.751520237,7.944581045,7.159355405,7.142414374
C3,8.988245569,9.729742331,9.642618718,10.16558402
C3,3.559337299,3.504453844,4.125002911,3.60800778
C3,8.079946183,8.52081628,8.360526424,8.505417907
C3,5.212699308,3.147787115,3.321728944,3.96799226
C3,9.773123711,10.09387684,10.28176767,10.6631898
C3,9.320062312,10.31704917,9.435809498,9.756068717
C3,5.419940023,4.998318318,4.125002911,3.802130128
C3,4.90102179,4.457599943,4.764896313,4.113678139
C3,7.375427979,7.087484978,8.145597261,7.830074903
C3,8.690799798,9.065111976,8.72892995,9.051237738
C3,7.623006924,7.801721121,9.087585115,9.168745084
C3,5.3709272,5.243200173,6.058705572,6.034827462
C3,8.635519369,8.836918698,9.386640105,9.581730199
C3,8.478729241,9.083237259,9.439671593,9.890871731
C3,5.904600328,5.483408964,5.692373716,6.194345054
C3,4.050557784,3.766574302,4.039290574,4.043002559
C3,4.58791829,4.457599943,4.8147568,4.113678139
C3,8.980199867,9.322191584,9.060250433,9.100197847
C3,8.079946183,8.268101042,7.875913304,8.153795133
C3,4.90102179,4.998318318,5.338127531,5.181766807
C3,6.829570423,6.804556862,5.080943716,4.570782057
C3,3.747622097,2.886944729,3.480091316,3.048875787
C3,9.168992517,9.335214517,8.644434698,8.582108958
C3,7.683747554,7.511565338,6.711990093,6.839698815
C3,7.834220987,7.782825451,7.627576768,7.91920802
C3,8.640633336,9.255252759,8.032482438,8.434000172
C3,4.17760713,3.504453844,3.480091316,3.224599095
C3,8.256900678,8.855117065,7.781648814,8.106640114
C3,8.640633336,8.742314665,8.435946011,8.395285689
C3,7.260452327,7.40022795,4.954273273,4.113678139
C3,8.010523785,8.064157335,8.131336763,8.599242407
C3,4.398852556,4.240729754,4.039290574,3.60800778
C3,9.597556227,10.1403699,9.488959982,9.206500395
C3,8.593941428,8.833863189,8.920758682,9.275622013
C3,3.747622097,2.886944729,4.280601186,3.496036774
C3,8.583356922,9.078081805,8.610571289,8.905047328
C3,4.753486901,4.240729754,4.41932272,4.832835329
C3,10.23699926,10.68913458,8.462767149,8.424418548
C3,7.091307755,7.15766295,6.633065257,6.91471901
C3,6.575067686,6.090106523,4.713135301,5.086004014
C3,7.233605824,6.514506846,6.137267871,6.017850651
C3,7.135493275,7.375207702,6.880860175,6.051604786
C3,8.630387204,9.153543269,9.001365396,9.298528442
C3,5.467303916,4.159446881,4.351817253,4.832835329
C3,6.238673246,6.227391305,6.535145417,6.729705052
C3,7.435547962,7.814182007,6.058705572,6.224219269
C3,8.80452575,9.367266591,8.634358896,8.925567802
C3,8.174666572,8.490089741,7.551050988,7.627788923
C3,5.938414594,7.243139155,6.535145417,7.188468879
C3,8.89289431,9.158436402,9.410450655,9.680278716
C3,4.050557784,4.389257932,3.480091316,3.709312671
C3,5.034219153,4.998318318,4.483515643,3.96799226
C3,9.720971136,10.09259923,9.11923579,9.385035885
C3,4.17760713,4.584494734,4.764896313,4.180548944
C3,7.470451303,6.947314313,5.46634483,5.776512767
C3,8.414494483,8.524611474,8.155026503,8.028673142
C3,7.350659326,7.15766295,7.241375801,7.318402681
C3,6.617278296,7.107887388,9.410450655,9.795001357
C3,8.340994597,8.509370406,6.749884041,6.253482643
C3,5.513128535,4.998318318,4.65931349,4.66390504
C3,7.779617693,7.99470306,7.68078538,7.38582423
C3,6.637927242,6.467838985,7.335665525,7.210955176
C3,8.80452575,9.295787617,8.72892995,8.99840644
C3,5.642309649,5.243200173,5.403696019,5.460557646
C3,7.937588681,8.397919618,8.298066888,8.52048636
C3,5.834464261,5.042249766,5.080943716,4.66390504
C3,4.050557784,3.877596741,4.8147568,4.66390504
C3,8.567333076,8.793541069,7.835428913,8.06613086
C3,3.747622097,2.886944729,3.616765873,3.048875787
C3,7.548747214,7.391936063,5.19700957,4.871983337
C3,6.03529769,5.915133007,6.247567096,6.505199045
C3,9.76143532,10.09515331,9.642618718,9.885062914
C3,5.212699308,4.95294332,6.520595245,6.698185847
C3,4.398852556,3.877596741,4.65931349,4.708153221
C3,8.744039444,9.075497152,9.677379539,9.994859011
C3,6.486729801,6.048332534,6.737363426,7.157930161
C3,8.002599722,8.501689043,8.627602376,8.556020996
C3,4.753486901,4.584494734,3.847216168,3.370081115
C3,7.299806316,7.177101044,7.477769179,7.61098591
C3,3.559337299,2.886944729,3.737910156,3.370081115
C3,4.17760713,3.877596741,4.039290574,4.113678139
C3,5.096293985,5.166263708,6.333405224,6.41751931
C3,9.307256448,9.733026003,8.784655695,8.84885447
C3,8.408510561,8.959734026,9.634217397,9.790036438
C3,6.966383594,6.403155175,6.058705572,5.983278976
C3,5.3709272,5.385442552,5.996811553,6.148330476
C3,4.67324514,3.343282645,4.125002911,3.496036774
C3,7.299806316,7.424821009,6.605762898,6.644066707
C3,7.312688897,7.297428387,7.335665525,7.142414374
C3,7.375427979,7.795450048,8.412552643,8.860743212
C3,8.630387204,9.065111976,8.58638476,8.89120301
C3,5.155712327,4.159446881,5.120717887,4.521666007
C3,8.26354644,8.729218655,8.551113435,8.948031086
C3,9.161896699,9.79088878,9.533009064,9.643591347
C3,7.69362668,7.440986179,7.011328139,6.994688493
C3,6.368061365,6.352652294,6.659858253,6.729705052
C3,5.419940023,4.807069462,4.764896313,4.417598919
C3,6.755950745,6.514506846,5.954005428,5.581651734
C3,8.551129197,8.462656297,8.895671319,9.019771714
C3,8.124437653,8.802946724,8.703454627,8.905047328
C3,9.666862211,10.13789471,10.01034666,10.23664277
C3,6.91659126,7.978188586,6.414390248,6.830039991
C3,6.829570423,6.841596742,8.192138694,8.535399003
C3,5.419940023,5.042249766,4.90932638,5.328075415
C3,4.17760713,3.343282645,3.847216168,3.224599095
C3,3.908780733,3.343282645,3.947110142,3.048875787
C3,4.398852556,4.700363643,4.205193356,3.709312671
C3,4.829246579,3.877596741,4.954273273,4.521666007
C3,7.411800216,7.097722335,7.641064231,7.923749985
C3,6.717676765,6.589064846,8.001454336,7.88234774
C3,5.642309649,5.418860902,4.351817253,3.802130128
C3,8.26354644,8.338788547,8.439808277,8.459244241
C3,4.969228656,4.584494734,3.947110142,3.370081115
C3,8.73927987,9.315635763,8.687300984,8.945800434
C3,7.73247961,7.782825451,7.980391628,8.14604228
C3,4.050557784,4.159446881,4.713135301,4.244046675
C3,5.155712327,4.807069462,5.496655154,5.11866294
C3,8.790790811,9.259813292,9.022120911,9.116155433
C3,6.238673246,6.17016064,6.414390248,6.17917074
C3,5.320143335,4.389257932,5.233645547,4.708153221
C3,9.224536441,9.864596906,9.490822466,9.872200582
C3,7.299806316,7.27955843,8.620814055,8.952482067
C3,8.002599722,8.56939149,9.735087525,10.1138734
C3,4.398852556,4.072526908,3.847216168,4.043002559
C3,10.32221001,10.9673412,9.881403529,10.24028748
C3,4.58791829,3.643452153,3.947110142,3.496036774
C3,4.398852556,3.877596741,3.737910156,3.224599095
C3,6.343101762,6.150563395,5.817286739,5.714485922
C3,6.829570423,6.130693846,7.072377888,6.994688493
C3,5.869964052,5.205261829,7.522183983,7.671662054
C3,5.642309649,4.906022134,5.120717887,5.181766807
C3,6.416713375,6.189493005,5.19700957,4.304528635
C3,6.416713375,6.85373431,4.41932272,4.417598919
C3,6.126022309,5.818873709,5.817286739,5.796600978
C3,4.67324514,4.522565109,4.039290574,3.048875787
C3,6.933380946,6.467838985,6.229764258,5.947848716
C3,7.325457261,6.877706341,7.31897477,7.311483632
C3,9.221126905,9.239176386,8.664377563,8.918760029
C3,5.467303916,4.389257932,4.483515643,3.048875787
C3,4.398852556,4.240729754,3.947110142,4.417598919
C3,6.183456351,5.938214764,3.947110142,4.362294576
C3,3.747622097,3.766574302,3.480091316,3.370081115
C3,8.064805283,8.100214636,7.875913304,7.872983496
C3,5.267451861,5.166263708,4.544729774,4.947076809
C3,8.087457423,7.795450048,7.536689778,7.475207842
C3,7.411800216,7.196280173,6.892196064,7.126729522
C3,6.596328098,6.11054425,6.058705572,6.209360119
C3,4.90102179,5.632942021,4.205193356,4.750998459
C3,6.5315783,6.369685064,6.646524229,6.529296743
C3,8.818131132,8.665335242,9.27866262,9.670856399
C3,8.39646771,9.088374353,9.714513824,10.18651607
C3,6.774712159,7.288521127,6.822800227,6.770683257
C3,8.102363522,8.053687426,7.485267384,7.815483429
C3,5.869964052,5.351210713,5.304158443,5.627327367
C3,7.149925421,7.137958788,7.31897477,7.325288648
C3,7.164214309,7.383596167,8.844148375,9.026120071
C3,5.600546039,5.483408964,5.496655154,5.086004014
C3,7.299806316,7.62201855,8.027357238,8.110629139
C3,6.15502764,6.245970643,5.932110729,5.693193238
C3,4.496764216,3.877596741,4.544729774,4.113678139
C3,8.270161715,9.121326806,6.646524229,7.332141847
C3,6.91659126,7.51919822,7.042176746,7.173280497
C3,8.167597253,8.573061148,9.138373484,9.334779557
C3,5.600546039,4.522565109,4.483515643,3.709312671
C3,9.047199047,9.232231284,9.225963261,9.394880412
C3,8.724906177,8.99845368,8.001454336,8.210649727
C3,7.945877202,8.198528736,7.744647248,8.098628803
C3,7.206249236,7.056328592,6.947572815,6.719275284
C3,3.559337299,4.072526908,4.039290574,3.496036774
C3,8.250224145,8.584014431,8.408616588,8.641206169
C3,8.117117095,8.2590164,9.216989771,9.305504016
C3,8.700627051,9.025487755,9.795104648,10.17703913
C3,6.678355332,6.700847207,7.177990234,7.42481252
C3,8.795383672,9.04675604,8.543954465,8.829626278
C3,9.836884215,10.82227161,10.05886111,10.38560167
C3,6.793231834,6.11054425,6.333405224,6.378236669
C3,8.276746781,8.685816282,9.523942432,10.02369633
C3,6.617278296,6.300304439,6.491044695,6.505199045
C3,8.534741194,9.339529498,9.045119356,9.23965539
C3,7.312688897,7.776471444,7.909731652,8.180606476
C3,6.829570423,7.349745137,6.265151259,6.480689733
C3,9.354703305,9.7606395,9.988103158,10.04885436
C3,7.286807452,7.137958788,7.360344491,7.269256356
C3,5.722317535,5.084830077,5.496655154,5.150572285
C3,3.747622097,3.343282645,3.480091316,3.496036774
C3,5.971445401,5.514607987,6.017742475,5.892995709
C3,6.096416259,5.818873709,6.247567096,6.034827462
C3,9.621030133,10.19615789,9.608715816,9.893188725
C3,4.050557784,4.31713194,3.947110142,3.709312671
C3,8.635519369,8.729218655,9.029827874,9.378435343
C3,5.642309649,5.514607987,5.159385896,4.792531801
C3,10.8571647,11.66538102,8.289530751,7.905495626
C3,8.420453678,9.175432827,9.337806503,9.661372136
C3,7.779617693,8.084871788,7.847112367,7.770801241
C3,9.027814375,9.469238102,9.241533787,9.618604288
C3,9.59492428,9.593669105,9.358355108,9.558560883
C3,7.683747554,8.450737454,8.331714946,8.365552152
C3,8.167597253,8.86712299,9.087585115,9.425618787
C3,6.392593747,5.818873709,5.403696019,4.983140055
C3,7.92925223,8.641067209,8.950840043,9.436780358
C3,7.751520237,7.711341484,7.875913304,7.914651699
C3,8.243516555,7.67763848,8.072841067,8.31112972
C3,8.109759179,8.021813638,8.917992647,9.388324864
C3,7.67380024,7.375207702,8.396743552,8.398551888
C3,7.788863099,8.179394884,8.647777718,8.921032859
C3,8.034037963,8.188993547,8.881543019,9.079999366
C3,5.642309649,5.351210713,6.990388727,7.45651558
C3,8.353507677,8.364427881,6.958396851,6.95081091
C3,7.03020095,7.04579141,7.514875949,8.074324274
C3,8.918382598,9.121326806,9.627460933,9.770004104
C3,6.31769969,6.646043217,6.505896039,7.188468879
C3,8.195668927,7.921732717,7.793774553,7.994540228
C3,6.774712159,6.980894553,6.749884041,7.297545003
C3,5.155712327,4.754765158,5.583868117,4.947076809
C3,5.600546039,5.316123701,5.909874499,5.714485922
C3,6.509329256,6.559704707,7.654426631,7.959579568
C3,7.106187487,6.804556862,6.711990093,6.887043027
C3,7.895415818,7.961482745,8.169055749,8.382146409
C3,5.034219153,4.389257932,4.65931349,3.60800778
C3,7.937588681,7.961482745,8.607140804,8.705907637
C3,6.637927242,6.924483926,7.177990234,7.118822534
C3,7.350659326,8.053687426,8.380759234,8.529452436
C3,9.227937938,9.529021573,8.687300984,9.03244061
C3,7.106187487,6.980894553,6.686160626,6.610588587
C3,4.67324514,4.159446881,4.65931349,3.709312671
C3,5.3709272,3.643452153,5.19700957,4.947076809
C3,4.292990685,4.389257932,5.159385896,5.086004014
C3,6.793231834,7.002853684,7.258984995,7.283470142
C3,8.980199867,9.033500155,9.610430019,9.917295097
C3,5.096293985,4.998318318,3.847216168,3.224599095
C3,6.03529769,5.418860902,6.118028445,5.776512767
C3,7.206249236,7.607771547,7.898546789,7.928277686
C3,7.643539579,7.711341484,9.18972943,9.491328422
C3,8.473006516,8.486202482,8.408616588,8.760234273
C3,3.747622097,4.584494734,4.205193356,4.570782057
C3,5.642309649,4.643678264,4.764896313,3.709312671
C3,6.291839064,5.632942021,7.368477729,7.431209194
C3,8.822637889,9.339529498,8.906875161,9.021890939
C3,9.364008241,9.855586728,9.390635923,9.63807595
C3,4.398852556,4.85744028,4.483515643,3.802130128
C3,8.80452575,9.765458072,10.17693081,10.39544199
C3,6.966383594,6.727484669,5.718250592,5.242138483
C3,4.969228656,4.906022134,5.666016111,5.911515615
C3,6.291839064,5.385442552,4.713135301,4.871983337
C3,8.230007041,8.893776427,8.057838658,8.195706345
C3,4.292990685,4.159446881,4.713135301,3.96799226
C3,9.258195769,9.789312427,9.297938883,9.719977214
C3,7.994631865,8.330139791,8.725770033,9.011263541
C3,9.708850648,9.770260603,10.69272758,11.01981247
C3,7.260452327,7.087484978,7.909731652,8.045441272
C3,2.239414547,3.343282645,4.125002911,3.048875787
C3,7.537819229,7.51919822,7.95901663,8.118574233
C3,6.183456351,6.574459831,7.267709491,7.570999705
C3,8.507007122,8.651517834,8.455154731,8.465486814
C3,5.513128535,5.451504407,5.583868117,5.776512767
C3,8.640633336,8.815392943,9.109570879,9.460411108
C3,6.03529769,6.090106523,5.403696019,6.163833733
C3,6.933380946,7.087484978,7.000896525,7.262096502
C3,8.972109037,9.461340453,10.19417942,10.41894927
C3,7.663783789,7.117981154,6.098526526,5.43504011
C3,7.683747554,7.15766295,8.237224765,8.176806672
C3,9.579030952,9.595474272,9.610430019,9.907013079
C3,6.86501315,6.17016064,5.039995703,4.521666007
C3,7.076272579,6.300304439,4.544729774,4.244046675
C3,8.744039444,8.82465763,7.829551481,7.830074903
C3,4.58791829,4.240729754,4.039290574,3.60800778
C3,8.809075152,9.41915318,9.077705059,9.270283856
C3,8.705515683,9.20411159,10.13824194,10.34470891
C3,6.291839064,6.85373431,7.462654665,7.462773321
C3,8.700627051,9.241484009,9.826416267,10.11486642
C3,7.962312639,8.115395936,8.518614465,8.553092989
C3,6.774712159,6.435861729,6.520595245,6.941872479
C3,4.398852556,3.766574302,3.480091316,3.496036774
C3,8.495762417,8.787236384,9.622372737,9.83893306
C3,9.125884395,9.558934638,9.821984573,9.846126681
C3,8.010523785,8.20327279,8.826556799,9.118137776
C3,8.655867334,9.469238102,9.657618891,10.06332978
C3,8.935127962,9.123830702,8.926274888,9.057449405
C3,8.818131132,9.322191584,9.559871988,9.823222721
C3,7.363096894,7.67763848,7.858701885,8.062016626
C3,7.233605824,6.969788007,9.386640105,9.564388192
C3,5.212699308,4.31713194,4.65931349,3.802130128
C3,5.513128535,4.906022134,4.280601186,3.88798429
C3,6.698150565,6.82935584,7.011328139,7.247669099
C3,8.540224578,8.389619321,7.847112367,7.985879222
C3,5.467303916,5.451504407,5.954005428,6.253482643
C3,8.655867334,9.1362854,10.46440909,10.66454677
C3,7.286807452,6.753637322,6.646524229,6.687523896
C3,7.363096894,7.167414805,8.327551625,8.590701124
C3,7.69362668,8.198528736,8.844148375,8.737201527
C3,9.136782801,9.218239955,7.408468981,7.188468879
C3,7.493259085,7.607771547,8.732082959,9.057449405
C3,8.968046539,9.728097688,10.33457557,10.57140757
C3,8.620067761,8.317068617,8.551113435,8.860743212
C3,9.56833728,10.38541955,9.672464695,9.900117462
C3,11.07394966,11.49065451,9.111993185,9.334779557
C3,4.829246579,4.906022134,4.41932272,4.708153221
C3,7.014510013,7.167414805,8.443660228,8.916483613
C3,6.658283515,6.753637322,6.711990093,6.95081091
C3,8.73927987,9.894230777,8.898480449,9.543888787
C3,7.962312639,8.397919618,8.747745436,8.85837329
C3,5.904600328,5.938214764,4.483515643,4.570782057
C3,5.513128535,5.084830077,7.847112367,8.078403587
C3,4.050557784,3.766574302,3.480091316,3.224599095
C3,7.860766067,7.989219228,8.097503312,8.286658454
C3,8.992251653,9.033500155,8.630984593,8.71902937
C3,8.378212745,9.001180002,6.535145417,7.045634096
C3,7.515711419,7.440986179,5.768631163,5.018284657
C3,8.39646771,8.580372572,7.870198967,8.184396293
C3,7.751520237,7.770089301,7.19638693,7.118822534
C3,5.513128535,5.243200173,5.887285779,6.194345054
C3,4.496764216,4.700363643,4.603248205,4.043002559
C3,9.238094565,9.53655819,9.804120388,9.944360839
C3,4.398852556,3.877596741,4.205193356,4.304528635
C3,8.455700815,9.022807033,8.4513334,8.841673903
C3,6.291839064,5.867816606,6.711990093,6.858823959
C3,5.798056182,4.998318318,5.909874499,5.756136588
C3,7.663783789,7.432926269,7.424159696,7.666250403
C3,8.935127962,9.797177022,8.923519422,9.03033684
C3,5.320143335,4.389257932,4.603248205,3.96799226
C3,6.998646076,7.107887388,8.223846342,9.002704886
C3,5.600546039,4.906022134,5.269345864,5.150572285
C3,5.3709272,4.584494734,4.544729774,3.88798429
C3,5.467303916,3.877596741,4.603248205,3.496036774
C3,8.372076043,8.277128809,9.252553584,9.376780478
C3,6.5315783,6.4196017,6.476038016,6.58782822
C3,8.461492487,8.069363915,8.808748021,8.797823222
C3,7.273690183,6.483564206,7.31055629,7.203498698
C3,8.402501706,8.212714327,8.173701994,7.990216229
C3,6.755950745,5.451504407,4.544729774,4.043002559
C3,9.639027146,10.05373537,9.90114507,9.953271074
C3,4.969228656,4.159446881,4.483515643,3.60800778
C3,7.834220987,8.755292837,8.087688977,8.345383655
C3,7.69362668,7.795450048,8.254871745,8.62456689
C3,8.551129197,8.689201691,8.808748021,9.104203824
C3,7.63330982,7.967072895,8.01187141,8.203197394
C3,8.102363522,8.226761724,9.558096605,9.998091772
C3,5.467303916,5.451504407,4.280601186,4.113678139
C3,3.908780733,3.504453844,3.847216168,3.96799226
C3,5.904600328,4.457599943,5.43536866,5.43504011
C3,5.938414594,5.042249766,6.476038016,6.100785817
C3,8.818131132,9.284641711,8.518614465,8.54427313
C3,5.212699308,4.584494734,6.137267871,6.324126896
C3,8.790790811,9.093493217,8.159718102,8.414772838
C3,7.312688897,7.724605057,5.120717887,5.212278832
C3,8.153353781,8.140348208,7.522183983,7.649892442
C3,6.717676765,6.005299653,5.864333069,6.017850651
C3,7.843123772,7.600594874,6.491044695,6.541195535
C3,7.869506898,7.750771543,8.027357238,8.465486814
C3,6.486729801,5.960928774,7.159355405,7.405450281
C3,7.076272579,6.779322561,6.460872697,6.404544321
C3,4.969228656,3.979001655,5.159385896,4.792531801
C3,8.438184926,7.950236991,7.613961876,7.655365753
C3,7.350659326,6.589064846,6.038370913,6.310274043
C3,7.912433297,7.55676762,6.491044695,6.430377945
C3,6.553487689,6.227391305,6.058705572,5.51024797
C3,4.17760713,4.31713194,4.90932638,4.362294576
C3,8.002599722,7.933202146,8.057838658,8.138247516
C3,6.966383594,7.315079314,6.491044695,6.282159838
C3,4.67324514,4.457599943,3.616765873,4.180548944
C3,8.223204524,8.539693161,8.690546219,8.673919683
C3,6.829570423,6.467838985,5.19700957,4.113678139
C3,6.717676765,6.4196017,7.258984995,6.968522856
C3,8.92677958,9.022807033,8.667674728,9.110192007
C3,8.809075152,9.177844622,9.622372737,9.987287612
C3,6.003728619,5.084830077,7.477769179,7.593984651
C3,5.467303916,5.280136459,6.1749871,6.430377945
C3,8.700627051,8.821576009,8.607140804,9.073884254
C3,8.786183279,8.719318018,9.011780485,9.215786814
C3,9.485503429,9.53655819,9.917853999,10.16749953
C3,8.378212745,8.665335242,9.109570879,9.298528442
C3,6.486729801,6.317967099,7.214551515,7.102877044
C3,7.683747554,7.961482745,8.507616672,8.822349104
C3,7.779617693,8.637566772,8.136105951,8.471702483
C3,8.724906177,8.580372572,8.298066888,8.214361501
C3,9.388531907,9.335214517,10.47197169,10.71191062
C3,5.212699308,4.31713194,4.65931349,3.88798429
C3,9.418611596,9.828213541,10.04371628,10.50478722
C3,5.682877603,4.31713194,4.351817253,4.043002559
C3,6.31769969,6.659941474,7.111684797,7.203498698
C3,6.736941173,6.150563395,7.572327934,7.276380786
C3,7.286807452,7.186722546,6.366350325,6.17917074
C3,5.722317535,5.126142792,5.63915926,5.627327367
C3,7.986619728,8.61282291,8.289530751,8.646710209
C3,6.392593747,6.150563395,5.975569045,6.337847087
C3,6.617278296,6.559704707,9.833772305,10.00774681
C3,6.066183837,5.84355552,7.613961876,7.780851005
C3,8.523711482,8.52081628,9.942560038,10.20900989
C3,7.481900328,7.288521127,6.990388727,7.078622605
C3,8.495762417,8.426600124,8.613993633,8.268921184
C3,8.744039444,8.580372572,8.237224765,8.279589705
C3,9.385489152,9.838920473,9.280817192,9.486732856
C3,8.117117095,8.303877878,8.858645886,9.017649371
C3,6.509329256,5.867816606,6.914603258,6.480689733
C3,8.270161715,8.446742516,8.396743552,8.573465297
C3,8.862577305,9.262088163,9.439671593,9.47749757
C3,9.291087578,9.545923927,9.30218774,9.457282618
C3,8.939284103,8.830801192,9.212482006,9.489798193
C3,8.795383672,8.764950401,8.536759782,8.526469933
C3,8.980199867,9.306848063,9.468312355,9.74071136
C3,9.666862211,10.06550485,10.19303591,10.40440369
C3,8.76760454,8.896707745,8.811731462,8.974533253
C3,7.760947046,7.534343735,6.265151259,6.430377945
C3,9.291087578,9.333052176,10.61715675,10.84173666
C3,8.630387204,9.096045854,8.97499384,9.174471763
C3,4.292990685,3.877596741,5.080943716,3.709312671
C3,9.433419459,9.926140002,9.858505928,9.94324318
C3,7.325457261,6.935944414,7.431941423,7.118822534
C3,3.908780733,3.766574302,3.847216168,3.048875787
C3,7.149925421,7.177101044,7.719441043,7.638883061
C3,9.125884395,9.667606035,9.709724087,9.84013449
C3,8.862577305,8.896707745,7.852918773,7.994540228
C3,8.309228463,7.243139155,6.211737196,5.55824893
C3,6.440433991,5.514607987,5.371294068,5.581651734
C3,9.140397381,9.234550036,8.915221299,9.195277197
C3,6.509329256,5.84355552,5.611783537,5.052558062
C3,7.493259085,6.991916013,6.880860175,6.790742397
C3,9.456800349,9.593669105,9.861388083,10.26286066
C3,4.753486901,4.072526908,4.039290574,3.60800778
C3,7.816248742,7.838785197,7.543888276,7.462773321
C3,4.050557784,3.643452153,3.737910156,3.048875787
C3,7.149925421,6.877706341,5.909874499,5.485621537
C3,8.102363522,8.937132728,8.747745436,9.028229996
C3,8.146178932,8.474477443,8.223846342,8.279589705
C3,9.450990557,9.553372982,9.150206878,8.985433707
C3,9.674361298,10.01244492,9.824940548,10.11685043
C3,8.992251653,9.388245708,9.701705683,9.844930232
C3,8.455700815,9.003901181,9.608715816,9.820790488
C3,9.412645626,9.940414112,9.608715816,9.871025572
C3,4.829246579,4.85744028,4.483515643,4.362294576
C3,5.557512751,5.351210713,5.080943716,4.470659819
C3,8.002599722,7.9159636,9.126442212,9.343278143
C3,8.444047225,8.692579172,9.143118497,9.495909394
C3,8.748783365,9.246088211,6.54954956,6.932878159
C3,8.124437653,8.668769009,9.50009899,9.792521034
C3,4.829246579,4.072526908,4.280601186,3.370081115
C3,7.363096894,7.297428387,6.914603258,6.790742397
C3,8.992251653,9.322191584,9.420256883,9.403033174
C3,9.24818018,9.513829176,8.96430872,8.841673903
C3,4.496764216,4.584494734,4.8147568,4.304528635
C3,5.557512751,4.807069462,4.8147568,4.043002559
C3,8.018404533,8.821576009,8.289530751,8.567673942
C3,6.368061365,6.048332534,5.909874499,5.181766807
C3,7.92925223,8.064157335,7.829551481,7.547642161
C3,5.557512751,5.632942021,5.120717887,4.708153221
C3,7.602177475,7.40022795,7.744647248,7.998851298
C3,7.447276622,6.935944414,6.156251838,5.756136588
C3,9.012116863,9.315635763,9.606999575,9.873374635
C3,8.901440548,8.787236384,7.985686224,8.31459196
C3,9.433419459,9.757418154,9.293677475,9.465091159
C3,9.86773791,10.16245762,9.731941375,10.1646253
C3,8.153353781,8.226761724,8.808748021,8.909632728
C3,8.939284103,8.761738393,8.432073373,8.276042294
C3,8.955789941,8.931426632,8.74150084,8.914203598
C3,5.096293985,4.998318318,4.764896313,3.88798429
C3,8.772271708,8.562024043,9.647636126,10.01733767
C3,7.435547962,7.697954712,7.187217967,6.977297717
C3,8.102363522,7.704663641,7.168702972,7.011871566
C3,9.944172481,10.52645386,10.34284829,10.52435114
C3,5.155712327,4.31713194,4.544729774,4.180548944
C3,6.755950745,5.9832867,5.496655154,5.212278832
C3,8.831609377,9.328717746,9.178217134,9.28976127
C3,7.106187487,7.117981154,6.520595245,6.959694142
C3,7.435547962,7.643128385,7.232489783,7.627788923
C3,4.398852556,4.457599943,4.483515643,3.96799226
C3,8.866947515,9.521445374,9.603560954,9.65592443
C3,8.315637917,8.208001286,8.73522909,9.082031989
C3,8.438184926,9.453399327,9.937106256,10.32853534
C3,4.496764216,4.072526908,4.65931349,3.048875787
C3,9.179571222,9.218239955,9.168940684,9.204635915
C3,9.513646522,9.773453431,9.981495144,10.45938273
C3,8.372076043,8.347385741,9.464526282,9.883898338
C3,8.372076043,8.644559171,6.591914554,7.020386758
C3,5.760691418,5.243200173,5.864333069,5.485621537
C3,7.312688897,7.06678918,9.603560954,9.792521034
C3,10.30459962,10.60651002,10.69999092,10.9273161
C3,7.470451303,7.27955843,7.593295266,7.834906088
C3,6.658283515,5.351210713,5.43536866,5.086004014
C3,9.136782801,9.423224591,8.898480449,8.787894895
C3,10.15181993,10.42148291,10.63410844,10.87259322
C3,6.126022309,5.84355552,8.267966687,8.584978705
C3,6.86501315,6.958595046,6.017742475,5.212278832
C3,8.799961954,9.241484009,9.558096605,9.690972255
C3,6.509329256,5.688596118,6.193480141,6.17917074
C3,7.435547962,7.306280893,7.335665525,7.535819845
C3,6.91659126,6.714227665,5.841004289,5.874231866
C3,9.008165648,9.530909422,9.261309208,9.441537577
C3,9.051044916,9.337373621,8.575893638,9.094167945
C3,7.045722627,6.727484669,5.371294068,4.832835329
C3,9.193556554,9.425255996,8.972329971,9.08811273
C3,8.939284103,9.196995175,8.719429356,8.827204631
C3,8.593941428,8.290565365,8.01187141,7.946247611
C3,9.107535386,9.201743351,9.124044069,9.098190679
C3,9.092686251,8.987496571,9.082653546,8.932343595
C3,6.416713375,5.451504407,5.403696019,4.470659819
C3,5.320143335,4.95294332,5.338127531,4.708153221
C3,7.886831148,8.56939149,10.6756362,11.09571101
C3,9.035599532,9.974106528,9.406509423,9.676248114
C3,9.291087578,9.829747977,9.793596532,10.07664243
C3,5.3709272,4.95294332,4.603248205,4.521666007
C3,5.798056182,4.754765158,4.713135301,4.708153221
C3,8.866947515,8.864130864,8.496534368,8.660379109
C3,5.212699308,4.584494734,5.841004289,5.776512767
C3,5.834464261,5.575011986,5.269345864,4.180548944
C3,8.026242438,8.665335242,10.42209096,10.73921374
C3,8.614880219,8.393775441,8.881543019,8.961343035
C3,9.077682665,9.886879182,9.540221563,10.09487483
C3,8.124437653,8.347385741,7.101958251,7.070446099
C3,7.788863099,7.770089301,7.667666268,8.138247516
C3,7.286807452,6.714227665,5.909874499,5.874231866
C3,5.798056182,4.95294332,4.764896313,4.66390504
C3,8.322019008,7.832673657,8.062856826,8.09057273
C3,6.933380946,6.4196017,6.686160626,6.95081091
C3,9.122233219,9.324370254,10.71918293,11.09922751
C3,9.946238917,10.59753094,9.550973145,9.806110341
C3,7.602177475,7.488421023,5.954005428,6.051604786
C3,6.238673246,6.005299653,5.583868117,5.43504011
C3,9.039476411,9.239176386,8.872999132,8.99840644
C3,9.403650152,9.443411049,9.972192777,10.22197113
C3,7.69362668,7.862975493,8.864404335,8.961343035
C3,6.617278296,6.335414647,6.476038016,6.676782227
C3,7.770312601,7.332516523,7.579350999,6.95081091
C3,8.748783365,8.873088684,8.878700676,8.855999468
C3,6.678355332,6.150563395,6.460872697,6.810525468
C3,6.066183837,5.243200173,5.555390867,5.485621537
C3,9.203957285,9.421190322,8.667674728,8.930088532
C3,6.368061365,5.514607987,6.535145417,6.541195535
C3,9.34533796,9.817426548,9.892717468,10.12672974
C3,6.392593747,6.090106523,7.376565299,8.180606476
C3,8.799961954,9.123830702,7.529455135,7.475207842
C3,8.523711482,9.295787617,9.300064876,9.882732822
C3,8.635519369,8.979223769,8.485366245,8.67661261
C3,5.513128535,5.166263708,5.496655154,5.55824893
C3,8.922587199,9.330886589,9.568716273,9.80856743
C3,8.959887056,8.528396707,8.716248533,8.775387605
C3,9.114903022,9.508090523,9.805617548,10.05817665
C3,9.97486246,10.51219065,9.824940548,9.945477632
C3,5.096293985,4.31713194,4.65931349,3.802130128
C3,8.73927987,8.987496571,8.380759234,8.782904986
C3,5.3709272,4.389257932,4.90932638,3.96799226
C3,8.42638835,8.135392179,8.536759782,8.721639452
C3,7.843123772,7.383596167,8.062856826,8.283128411
C3,7.515711419,6.740620487,6.282522094,5.983278976
C3,8.438184926,8.722625787,8.942698053,9.03033684
C3,6.882412204,7.002853684,8.529529027,9.145608275
C3,6.392593747,5.316123701,5.666016111,5.150572285
C3,8.283301913,8.160003714,7.95901663,7.868278464
C3,6.03529769,5.084830077,4.90932638,5.018284657
C3,5.722317535,5.768186841,5.817286739,5.55824893
C3,7.825262875,7.874920096,8.285243658,8.487125453
C3,8.270161715,8.855117065,7.926347896,8.118574233
C3,9.476952312,9.515736999,9.055224355,9.351726953
C3,6.183456351,5.793756114,6.382543168,6.780747818
C3,8.80452575,8.426600124,8.352353142,8.484054025
C3,8.302790395,8.037838611,8.027357238,7.740224546
C3,7.435547962,8.130419056,6.505896039,6.051604786
C3,9.193556554,9.817426548,10.12870446,10.50402944
C3,6.440433991,6.317967099,7.700242809,7.582538007
C3,8.840525409,9.257534828,10.12631021,10.45311468
C3,8.776923823,8.497832965,8.443660228,8.218063744
C3,5.642309649,4.807069462,5.43536866,5.409051807
C3,6.265502901,5.205261829,4.954273273,4.180548944
C3,7.63330982,7.297428387,6.914603258,7.180894718
C3,9.747283085,10.05373537,9.511152646,9.610178156
C3,8.223204524,8.368657132,7.276381446,7.655365753
C3,6.774712159,6.317967099,8.097503312,8.307659147
C3,7.273690183,6.958595046,8.32337625,8.621774917
C3,7.481900328,7.243139155,6.673069637,6.404544321
C3,7.447276622,6.646043217,6.646524229,5.756136588
C3,7.559592942,7.2705396,7.985686224,8.070233387
C3,7.807177884,6.980894553,5.768631163,5.983278976
C3,5.642309649,5.243200173,5.63915926,5.51024797
C3,8.160493104,8.317068617,8.388773539,8.610552665
C3,8.640633336,8.605674557,10.86129025,10.96964735
C3,8.529236882,8.446742516,8.719429356,8.934595138
C3,8.844962842,8.430651171,8.087688977,7.97716587
C3,6.596328098,6.282421258,6.058705572,5.911515615
C3,8.455700815,8.438719287,8.603702141,8.819915197
C3,9.557563746,9.951732574,9.300064876,9.435191125
C3,9.403650152,9.755804779,9.832304095,10.08376021
C3,7.92925223,8.355931985,9.739793921,10.09487483
C3,7.643539579,7.541857206,6.646524229,7.283470142
C3,9.800795412,10.28496894,10.34078455,10.57429825
C3,8.216369763,8.338788547,7.661061653,7.834906088
C3,8.556550743,8.41846373,9.640942364,9.912734356
C3,7.375427979,7.261463928,6.491044695,6.564701225
C3,9.161896699,9.611619922,9.617266531,9.823222721
C3,7.816248742,7.593382278,7.926347896,8.053752768
C3,8.695721794,9.213545859,9.201150577,9.305504016
C3,9.524751806,9.729742331,8.693784168,8.930088532
C3,6.949976914,5.9832867,6.605762898,5.855217489
C3,5.869964052,5.243200173,4.997799522,3.96799226
C3,10.2867716,10.66441036,10.98471102,11.23739899
C3,6.440433991,6.227391305,5.718250592,4.792531801
C3,8.888602128,8.833863189,8.934509844,9.004849315
C3,8.322019008,8.193769023,8.492821262,8.471702483
C3,7.312688897,7.600594874,7.68078538,7.849303243
C3,9.71371107,9.926140002,9.496395536,9.762419676
C3,8.947560632,9.044114591,10.10092768,10.38148165
C3,6.899603264,7.087484978,6.659858253,6.517298475
C3,7.233605824,7.035176499,5.909874499,5.855217489
C3,9.613247862,10.00838563,10.3366482,10.74499778
C3,9.339060445,9.588240012,9.586243817,9.792521034
C3,6.617278296,5.915133007,6.193480141,5.892995709
C3,7.399777897,7.534343735,6.282522094,5.756136588
C3,9.092686251,9.586425765,9.333661422,9.42241384
C3,7.986619728,8.011030505,8.187551572,8.268921184
C3,7.612629835,7.196280173,8.259249952,8.52348125
C3,5.212699308,4.85744028,5.159385896,4.180548944
C3,8.094929735,7.921732717,7.744647248,7.588272695
C3,7.338113418,7.488421023,6.078754784,6.116810384
C3,8.625236712,8.665335242,10.16414946,10.36488287
C3,9.287831941,9.365151801,9.150206878,9.254149827
C3,7.978562815,7.366770097,7.062381099,6.977297717
C3,6.774712159,6.17016064,6.786804436,6.541195535
C3,7.807177884,7.424821009,9.538421816,9.654559282
C3,9.047199047,9.348120932,9.826416267,10.01946034
C3,8.195668927,7.51919822,8.205813149,8.015967809
C3,8.340994597,8.497832965,8.285243658,8.218063744
C3,4.753486901,4.240729754,4.65931349,3.96799226
C3,8.353507677,8.658443084,10.76837989,11.133929
C3,6.933380946,6.4196017,6.869434219,6.65505488
C3,8.790790811,9.243787947,8.875852721,9.071840109
C3,8.289827382,8.623479445,7.95901663,7.928277686
C3,9.887229556,9.879489931,9.37861511,9.593176789
C3,7.79804958,7.323824308,7.551050988,7.102877044
C3,6.982605269,6.659941474,6.505896039,6.480689733
C3,8.002599722,8.037838611,7.232489783,7.165625789
C3,9.508061656,9.471205777,9.522122248,9.509565669
C3,7.387654392,6.877706341,6.078754784,6.310274043
C3,5.513128535,4.807069462,6.098526526,6.238925734
C3,7.091307755,7.056328592,6.366350325,5.756136588
C3,7.299806316,6.5297315,7.647760919,7.475207842
C3,5.557512751,5.604273282,4.862858272,4.304528635
C3,7.423723025,7.087484978,8.470339597,8.684661354
C3,9.814434729,9.779817966,10.36637149,10.56415542
C3,6.575067686,5.867816606,5.692373716,5.11866294
C3,7.537819229,7.391936063,7.082305715,6.994688493
C3,7.970460623,8.410281172,5.743664228,5.51024797
C3,9.08894996,9.538436209,10.69999092,11.0820665
C3,8.296323454,8.064157335,8.159718102,8.102640023
C3,9.885076778,10.00023262,9.742923011,9.722585338
C3,6.265502901,4.85744028,5.371294068,4.521666007
C3,8.844962842,9.001180002,10.15947348,10.63716178
C3,9.72579096,10.02589398,11.24739813,11.53167609
C3,9.465471398,9.225252583,8.915221299,9.015523901
C3,7.548747214,6.877706341,6.038370913,5.51024797
C3,6.982605269,6.150563395,6.078754784,5.735463937
C3,9.850188109,10.19972238,11.07002839,11.46509926
C3,8.583356922,8.928565098,8.790716609,9.102202226
C3,9.573694025,10.07976059,9.781474504,10.16366596
C3,7.978562815,8.03251672,6.699133403,6.296285919
C3,8.340994597,8.254452527,8.565325642,8.279589705
C3,8.309228463,7.826536094,6.156251838,5.627327367
C3,9.274735419,9.096045854,7.111684797,7.062222873
C3,9.488342574,9.465294682,9.297938883,9.411140118
C3,12.03094291,12.08162638,12.05369214,12.06074736
C3,7.816248742,7.432926269,6.577931341,6.26789303
C3,9.329592654,9.302434056,9.402557393,9.322796789
C3,8.309228463,8.212714327,8.187551572,7.868278464
C3,7.962312639,7.763678773,8.627602376,8.88888265
C3,8.884297135,8.887895858,10.01940699,10.21550507
C3,8.478729241,8.454721356,6.563810591,6.505199045
C3,8.529236882,8.360186189,7.781648814,7.760680912
C3,8.002599722,7.73119135,8.20126939,7.928277686
C3,7.653697232,7.366770097,7.168702972,6.868291978
C3,8.790790811,8.899633118,9.706522072,9.944360839
C3,8.625236712,8.281621587,8.18294981,8.102640023
C3,9.129526354,9.108741713,9.601838565,9.598866204